resample,delta_fpr
0,-0.03351427897097002
1,-0.028064660978895373
2,-0.03870673952641166
3,-0.0252387448840382
4,-0.04334653926823584
5,-0.025049878075814675
6,-0.04804154944817139
7,-0.037661484563170575
8,-0.04572610294117647
9,-0.031665190434012405
10,-0.016029863855950812
11,-0.016378100140383718
12,-0.04175222450376454
13,-0.031193490054249547
14,-0.04833219877467665
15,-0.0263341878350035
16,-0.0467741935483871
17,-0.0446874257190397
18,-0.03670546105640107
19,-0.04617505168849069
20,-0.05545243619489559
21,-0.05178652193577567
22,-0.03341013824884793
23,-0.0286493860845839
24,-0.035652173913043476
25,-0.04011154011154011
26,-0.03731175545066307
27,-0.035362194599228465
28,-0.029565217391304348
29,-0.02473498233215548
30,-0.034833748020809775
31,-0.0299154563190982
32,-0.02764559256741446
33,-0.059075342465753425
34,-0.027624309392265192
35,-0.06432481751824817
36,-0.02747123737966659
37,-0.04174994448145681
38,-0.03698722259583053
39,-0.04537444933920705
40,-0.05031861129422105
41,-0.02631578947368421
42,-0.04479258605472198
43,-0.05915100904662491
44,-0.03498871331828443
45,-0.051075853075418384
46,-0.047157338034376384
47,-0.05585543299694907
48,-0.036808463742561165
49,-0.04659811857361627
50,-0.040421792618629174
51,-0.03411790110127402
52,-0.04191484667990293
53,-0.02841173730787145
54,-0.024801123069723912
55,-0.0496211195306771
56,-0.02847207128885025
57,-0.026269315673289183
58,-0.0364741641337386
59,-0.04297670210359647
60,-0.041175209092858676
61,-0.053309640159928916
62,-0.03900547445255475
63,-0.041819357620176766
64,-0.024590163934426233
65,-0.05786416443252905
66,-0.021176470588235297
67,-0.040890504316219906
68,-0.04242002781641168
69,-0.03748355984217448
70,-0.038733252131546894
71,-0.027833001988071565
72,-0.028616141292197632
73,-0.059068037628527664
74,-0.030115335326783423
75,-0.03582370963940608
76,-0.05056947608200456
77,-0.059646856158484064
78,-0.0538935830098196
79,-0.05072620854107956
80,-0.03698781838316722
81,-0.029917250159134306
82,-0.0317975340687865
83,-0.034350282485875704
84,-0.017697132616487452
85,-0.028291621327529923
86,-0.04343870821014328
87,-0.032571032571032575
88,-0.03626943005181347
89,-0.03734939759036145
90,-0.04405690683799908
91,-0.05053470329209478
92,-0.034409061765334474
93,-0.028484453141987387
94,-0.033093838449814936
95,-0.04018912529550827
96,-0.05899772209567199
97,-0.04682040531097135
98,-0.027220630372492834
99,-0.03604014598540146
100,-0.04932526756630991
101,-0.04454395474899835
102,-0.029995775242923534
103,-0.04182509505703422
104,-0.05934579439252336
105,-0.035375722543352604
106,-0.029339853300733493
107,-0.019019914969791902
108,-0.038817005545286505
109,-0.04108681245858184
110,-0.040807371654234315
111,-0.037379162191192264
112,-0.03367148715734945
113,-0.05303199820989035
114,-0.05333333333333333
115,-0.0380421613763024
116,-0.04836542767577251
117,-0.03614185678789248
118,-0.05062458908612755
119,-0.027542832357406205
120,-0.03143055234573607
121,-0.017451640033641715
122,-0.05458663646659116
123,-0.03218596334376397
124,-0.031310732023321096
125,-0.0196078431372549
126,-0.049942987457240594
127,-0.056882821387940846
128,-0.030711444984533803
129,-0.029182445979059925
130,-0.04079332882578319
131,-0.030461270670147957
132,-0.04072398190045249
133,-0.07851423487544484
134,-0.03916272788656313
135,-0.02416851441241685
136,-0.03483470157532727
137,-0.04824561403508772
138,-0.03306908267270668
139,-0.05218173639226271
140,-0.041261010662957814
141,-0.05005440696409141
142,-0.04259259259259259
143,-0.019458946369245375
144,-0.03117290872392913
145,-0.03284832451499118
146,-0.025191405285255618
147,-0.04126908396946565
148,-0.05298913043478261
149,-0.024688561721404302
150,-0.035075960679177835
151,-0.03443619176232276
152,-0.03799692510432681
153,-0.04312431243124312
154,-0.029495927801012543
155,-0.030400736987563338
156,-0.044255504687159365
157,-0.036097980232058444
158,-0.03877869400490305
159,-0.034223134839151265
160,-0.0508551881413911
161,-0.023580786026200874
162,-0.044061302681992334
163,-0.020588235294117647
164,-0.039143449228643795
165,-0.05467128027681661
166,-0.02666666666666667
167,-0.03513513513513514
168,-0.04528467795119807
169,-0.04136648849639787
170,-0.014225746268656718
171,-0.011885341412258214
172,-0.046592489568845624
173,-0.045337344220025784
174,-0.03627684964200477
175,-0.04154175588865096
176,-0.05659075224292616
177,-0.04988610478359909
178,-0.03594629709831095
179,-0.0241045280468574
180,-0.03162333099086437
181,-0.04223433242506812
182,-0.035996488147497806
183,-0.0444247001332741
184,-0.03834874802616738
185,-0.05510879848628193
186,-0.0359385148300498
187,-0.03685393258426966
188,-0.048195422535211266
189,-0.04140969162995595
190,-0.04415465568519789
191,-0.04823447957535195
192,-0.047740292807129214
193,-0.037829317721233956
194,-0.04739990796134376
195,-0.0482084690553746
196,-0.055021624219125424
197,-0.04459334565619224
198,-0.04522278873863888
199,-0.05121668597914253
200,-0.028908418131359852
201,-0.024643906850553926
202,-0.019644970414201185
203,-0.02516143397906925
204,-0.02422145328719723
205,-0.049553781117895726
206,-0.05214393449687567
207,-0.037526059763724806
208,-0.030219146482122265
209,-0.036483516483516484
210,-0.048411497730711045
211,-0.034237726098191215
212,-0.03103595890410959
213,-0.0341726618705036
214,-0.049554444685937844
215,-0.03872782345305063
216,-0.048819255222524977
217,-0.025472112428634168
218,-0.029108411643364657
219,-0.06248590119557861
220,-0.05206463195691203
221,-0.03786342123056119
222,-0.03569082548719072
223,-0.02059880239520958
224,-0.05567202422548334
225,-0.024362734040153395
226,-0.04079358002674988
227,-0.053089244851258585
228,-0.038635336647085405
229,-0.04606921842768737
230,-0.040697674418604654
231,-0.04825439181676673
232,-0.051790137356451243
233,-0.03428201811125485
234,-0.026466696074106746
235,-0.044449408085771726
236,-0.05199716379106594
237,-0.0341039139391165
238,-0.05089408528198074
239,-0.04336788660884282
240,-0.050011366219595364
241,-0.027375918094814152
242,-0.04075235109717868
243,-0.027095681625740897
244,-0.046958855098389984
245,-0.03002808381939944
246,-0.036304347826086956
247,-0.0626858842370167
248,-0.03717301514456173
249,-0.038112120540660314
250,-0.03497986008055968
251,-0.03462603878116344
252,-0.0425954535422644
253,-0.03760605365741802
254,-0.052884615384615384
255,-0.038621900373052444
256,-0.03858303249097473
257,-0.03324435816549381
258,-0.03402107111501317
259,-0.03962954986000431
260,-0.05847176079734219
261,-0.0346310547759167
262,-0.02151983860121049
263,-0.039352864013992135
264,-0.04106643732530638
265,-0.03900547445255474
266,-0.03145730793922534
267,-0.02241537053979872
268,-0.027015057573073518
269,-0.031545741324921134
270,-0.04069364161849712
271,-0.04196449158404427
272,-0.04232933692194764
273,-0.03455377574370709
274,-0.032672374943668314
275,-0.04862236628849271
276,-0.01816958277254374
277,-0.04084442404772831
278,-0.05038759689922481
279,-0.029177718832891247
280,-0.02821316614420063
281,-0.044424500785281575
282,-0.02583650995340957
283,-0.036414565826330535
284,-0.05737704918032788
285,-0.04656419529837252
286,-0.039014821272885795
287,-0.019810895992796035
288,-0.03601496725912068
289,-0.03789053844449368
290,-0.026103980857080704
291,-0.0337620578778135
292,-0.03334856098675194
293,-0.03339350180505415
294,-0.03569138704851464
295,-0.04936562860438293
296,-0.0621188163541902
297,-0.026615104640582348
298,-0.0703125
299,-0.03537197626654496
300,-0.018965113556544136
301,-0.043222003929273084
302,-0.03962304562004712
303,-0.03990246065174019
304,-0.05859030837004405
305,-0.02309368191721133
306,-0.02951314088754847
307,-0.012279526680062514
308,-0.029982363315696647
309,-0.03467437208268504
310,-0.060035445281346925
311,-0.012357414448669201
312,-0.04275587062472309
313,-0.04706654991243433
314,-0.07093505297098111
315,-0.039906651108518085
316,-0.028124999999999997
317,-0.03367003367003367
318,-0.049700085689802914
319,-0.04748062015503876
320,-0.044483209768861755
321,-0.026876943580630835
322,-0.03236944324557618
323,-0.042674577818347784
324,-0.0292358803986711
325,-0.04450625869262865
326,-0.042068361086765996
327,-0.01952701236710783
328,-0.04375425073679438
329,-0.03139717425431711
330,-0.03041144901610018
331,-0.04178674351585015
332,-0.05003442735827404
333,-0.03776501766784452
334,-0.04377625469820915
335,-0.03301145295306535
336,-0.04800704690596785
337,-0.03324808184143223
338,-0.04651665945478148
339,-0.03402827701893122
340,-0.032230703986429174
341,-0.05724588686049132
342,-0.03587540279269603
343,-0.04165781083953241
344,-0.03298538622129436
345,-0.058823529411764705
346,-0.04100437687168855
347,-0.04502593116454502
348,-0.04045853000674309
349,-0.028349944629014395
350,-0.04018965906525175
351,-0.04183828311294169
352,-0.027096472786732072
353,-0.031039136302294195
354,-0.017733763242745282
355,-0.04377325454147516
356,-0.049690812720848056
357,-0.04764086120018323
358,-0.05667737494263424
359,-0.04358571107616266
360,-0.05324497257769653
361,-0.05175141242937853
362,-0.016775777414075287
363,-0.05088783022953659
364,-0.039362912400455065
365,-0.03165735567970205
366,-0.05147697654213727
367,-0.037104484407011154
368,-0.03327752197572206
369,-0.05361098803721754
370,-0.05330006804264005
371,-0.037980146741476054
372,-0.03731994762112614
373,-0.020295609971321422
374,-0.04845385926467008
375,-0.03929318763078354
376,-0.0507624817213286
377,-0.02519509476031215
378,-0.0435630689206762
379,-0.044429995665366276
380,-0.03758567322573513
381,-0.025461340808222377
382,-0.0438969764837626
383,-0.027020941229452825
384,-0.025652771415483278
385,-0.052313883299798795
386,-0.023526671325413466
387,-0.03593890386343217
388,-0.029235880398671095
389,-0.051765738100460625
390,-0.05773059057730591
391,-0.03831498729889924
392,-0.02369460289600702
393,-0.03251095227115518
394,-0.0393964794635373
395,-0.046792969641634326
396,-0.05207413945278023
397,-0.03966421825813221
398,-0.028473804100227793
399,-0.06627761567319716
400,-0.041552511415525115
401,-0.04962268465584267
402,-0.049895080438330616
403,-0.015858423350953804
404,-0.03635557526047439
405,-0.03587836359658718
406,-0.038738111807005336
407,-0.040880503144654086
408,-0.033814247069431924
409,-0.03177366702937976
410,-0.030649588289112538
411,-0.07263064658990258
412,-0.03095684803001876
413,-0.04313304721030043
414,-0.01402553904123927
415,-0.05382635150947812
416,-0.01986434108527132
417,-0.040106951871657755
418,-0.03364614328221561
419,-0.04781420765027322
420,-0.029455081001472753
421,-0.03861832224844454
422,-0.019825708061002176
423,-0.02588707877705869
424,-0.055367231638418085
425,-0.030583674348481582
426,-0.04044283777677361
427,-0.041590493601462525
428,-0.05549024218198918
429,-0.019501133786848073
430,-0.026057142857142855
431,-0.03451514440009392
432,-0.06715884734460587
433,-0.0537769407825905
434,-0.03948248940441668
435,-0.03258375401560349
436,-0.03405221339387061
437,-0.03199308257674016
438,-0.024056499668947254
439,-0.03238176395398381
440,-0.042915531335149866
441,-0.03844361602982292
442,-0.02433425160697888
443,-0.03515536402812429
444,-0.03663943990665111
445,-0.020833333333333332
446,-0.06034878384580083
447,-0.020970782280867104
448,-0.03838338225333032
449,-0.04082538273796317
450,-0.02285851780558229
451,-0.0362154821186057
452,-0.03232577665827036
453,-0.03386621792175011
454,-0.04386363636363636
455,-0.038823799678382724
456,-0.02901098901098901
457,-0.04066666666666667
458,-0.02212290502793296
459,-0.04439511653718091
460,-0.022934758405700292
461,-0.037402478201009635
462,-0.030191934440370927
463,-0.04217512309997859
464,-0.03606936416184971
465,-0.03710208562019759
466,-0.06700574966828836
467,-0.024673439767779387
468,-0.03955189757658893
469,-0.0330654420206659
470,-0.04407087687414812
471,-0.03379310344827586
472,-0.033876221498371335
473,-0.04503716659379099
474,-0.0776112726459405
475,-0.030329103032910303
476,-0.036857205914809094
477,-0.04092245082523174
478,-0.027469990766389656
479,-0.04256243213897937
480,-0.041064320134087576
481,-0.029227557411273482
482,-0.02877697841726619
483,-0.04374342797055731
484,-0.03375826251180359
485,-0.030965786054569077
486,-0.026627218934911247
487,-0.04476919508234749
488,-0.031136363636363636
489,-0.05659526493799323
490,-0.05025553662691653
491,-0.02535404294198264
492,-0.05668284075871196
493,-0.03983088562527815
494,-0.045806745670009114
495,-0.037663509246729815
496,-0.03546576879910213
497,-0.04632693580410324
498,-0.02798134576948701
499,-0.045056867891513565
500,-0.03321718931475029
501,-0.033837934105075684
502,-0.0409369527145359
503,-0.033384246126991056
504,-0.01927386822052891
505,-0.04065958888637904
506,-0.04301319981793355
507,-0.033166742389822805
508,-0.04078728954232867
509,-0.035321100917431195
510,-0.031167690956979806
511,-0.03705281090289608
512,-0.026702873953383117
513,-0.03202235117128734
514,-0.03566265060240964
515,-0.048147326381184824
516,-0.04249726177437021
517,-0.030112923462986198
518,-0.02509208103130755
519,-0.04163014899211218
520,-0.04802195289275097
521,-0.035219268348102704
522,-0.03229581090568687
523,-0.05743899805657525
524,-0.038038496791934
525,-0.028115015974440896
526,-0.03218243819266837
527,-0.02332955832389581
528,-0.031746031746031744
529,-0.04620168813860506
530,-0.045603316604843985
531,-0.05826944140197152
532,-0.040514049226747985
533,-0.035831381733021084
534,-0.03840749414519907
535,-0.040427807486631016
536,-0.028373702422145326
537,-0.029850746268656716
538,-0.03860745369337202
539,-0.042991491267353334
540,-0.040228571428571426
541,-0.027207850133809098
542,-0.02598016060462919
543,-0.020994979461433135
544,-0.035977277508941724
545,-0.03260869565217391
546,-0.04386582219094534
547,-0.045422617653945216
548,-0.03871978513876455
549,-0.030368763557483733
550,-0.04288321167883212
551,-0.04560190188026799
552,-0.027134348113831898
553,-0.033415564027808924
554,-0.05434076639965361
555,-0.025299299751524736
556,-0.045539906103286384
557,-0.057905451255372095
558,-0.03670797287818565
559,-0.029411764705882353
560,-0.03145853193517636
561,-0.02702702702702703
562,-0.04636217580904292
563,-0.03664087391898043
564,-0.04420549581839904
565,-0.04471544715447154
566,-0.03929052537045353
567,-0.06641066184775243
568,-0.0214848412508952
569,-0.029906956136464335
570,-0.05149051490514905
571,-0.03825136612021858
572,-0.04163034001743679
573,-0.03367992766726944
574,-0.0522273425499232
575,-0.038576300085251494
576,-0.03257403189066059
577,-0.04638179085248014
578,-0.04655287076036356
579,-0.03933253873659118
580,-0.05268863833477884
581,-0.05318681318681319
582,-0.05179282868525896
583,-0.056315179606025494
584,-0.030512876000865614
585,-0.034677069787602946
586,-0.03422553751645459
587,-0.044662309368191724
588,-0.04032613486117232
589,-0.047151277013752456
590,-0.046747519294377066
591,-0.029820168449806513
592,-0.050995841540818564
593,-0.038284132841328415
594,-0.04499540863177227
595,-0.05947187141216992
596,-0.04379221989284882
597,-0.04223051796546897
598,-0.02475360990144396
599,-0.028458844133099827
600,-0.03993821712268314
601,-0.05167378117277017
602,-0.03677639046538025
603,-0.05618983657935975
604,-0.03677447939743022
605,-0.029186503829434902
606,-0.03389455028799292
607,-0.054573574900574455
608,-0.044876243349525786
609,-0.03515125692373242
610,-0.043020389872283224
611,-0.04199240562876927
612,-0.03202235117128734
613,-0.0374037403740374
614,-0.05379339905700814
615,-0.03536390600045631
616,-0.05463728191000918
617,-0.038791159224176815
618,-0.044027997290584785
619,-0.021622778848212374
620,-0.03611898016997167
621,-0.028916211293260476
622,-0.032165039929015087
623,-0.020473448496481125
624,-0.024622030237580993
625,-0.029354207436399216
626,-0.016763678696158323
627,-0.046294184720638544
628,-0.018644067796610167
629,-0.029397473275024292
630,-0.04932323927506309
631,-0.030095153795087412
632,-0.03827325322652426
633,-0.05128205128205128
634,-0.04209583519928348
635,-0.04116985376827897
636,-0.03765227021040975
637,-0.04630253989660598
638,-0.02729044834307992
639,-0.04112024894420982
640,-0.03920631125986134
641,-0.05005586592178771
642,-0.02067437853802609
643,-0.04374240583232077
644,-0.03784636179319667
645,-0.06201194304088195
646,-0.037053277789958344
647,-0.029008679762448607
648,-0.024215246636771298
649,-0.03337091319052987
650,-0.0517430388072791
651,-0.03634385201305767
652,-0.02630444156964209
653,-0.05378442854044676
654,-0.030376403257759192
655,-0.05333930972658001
656,-0.03419572553430821
657,-0.04385763490241102
658,-0.027524972253052164
659,-0.045604034203025653
660,-0.0503954802259887
661,-0.03694581280788178
662,-0.04514975413500223
663,-0.04338842975206612
664,-0.060994139353158235
665,-0.03982703686845698
666,-0.03802785761662614
667,-0.03748059436682191
668,-0.02111746590409151
669,-0.04789135096497498
670,-0.04382957884427033
671,-0.04630434782608695
672,-0.021333333333333336
673,-0.02126654064272212
674,-0.02607291185971389
675,-0.054450971531857205
676,-0.040721102863202546
677,-0.03274798291409587
678,-0.02599422350588758
679,-0.013345001093852548
680,-0.03561095036723793
681,-0.054492882562277585
682,-0.04676180021953896
683,-0.0165585142089953
684,-0.028755364806866954
685,-0.028852459016393443
686,-0.04077110569465987
687,-0.031118958287353782
688,-0.05057932263814617
689,-0.033296337402885685
690,-0.024472384373596768
691,-0.02018811654049094
692,-0.03337696335078534
693,-0.0515606936416185
694,-0.024491682070240293
695,-0.045608489501016036
696,-0.03716659379099257
697,-0.03474158267209951
698,-0.046731022378236065
699,-0.040940963582899795
700,-0.041907849039129426
701,-0.02763157894736842
702,-0.02275287226852895
703,-0.02748366749267853
704,-0.022072490706319704
705,-0.0470106075216972
706,-0.03522645578720345
707,-0.02223675604970569
708,-0.03806767586821015
709,-0.03992979376919702
710,-0.033499320959710276
711,-0.03751493428912783
712,-0.038861754087916756
713,-0.029602420051858255
714,-0.023885689912561313
715,-0.03826045627376426
716,-0.03711935985774617
717,-0.04077791718946048
718,-0.026575028636884306
719,-0.0343158820941487
720,-0.021855486173059768
721,-0.050241333918385256
722,-0.04573102050011264
723,-0.028486782133090246
724,-0.04198390254513813
725,-0.04509345794392523
726,-0.022284725227174382
727,-0.0280148829065441
728,-0.043281653746770024
729,-0.056528848399906566
730,-0.02838847385272145
731,-0.026477541371158392
732,-0.04393633714413809
733,-0.031089241780362337
734,-0.030057042562527427
735,-0.03822359699513919
736,-0.044721906923950054
737,-0.05647005029721079
738,-0.04518348623853211
739,-0.05008673026886383
740,-0.019408711351839317
741,-0.03645116918844567
742,-0.029885594209666126
743,-0.04365345869711216
744,-0.033607681755829906
745,-0.02005070292694169
746,-0.03738522081329252
747,-0.020326999558108707
748,-0.04582392776523702
749,-0.0525164113785558
750,-0.028374892519346516
751,-0.02651959633888758
752,-0.04835164835164835
753,-0.03096194753013472
754,-0.015751679406995598
755,-0.034833405452185204
756,-0.030977512620468106
757,-0.019056060270330157
758,-0.045619270944361544
759,-0.029308836395450566
760,-0.022410791993037422
761,-0.031188658669574702
762,-0.031127507493659213
763,-0.03821373028215952
764,-0.04520873891412503
765,-0.010568922869350123
766,-0.027981345769487007
767,-0.04843568945538818
768,-0.04141461144718474
769,-0.036936936936936934
770,-0.04323953328757721
771,-0.041295370571614864
772,-0.030055248618784534
773,-0.04842412857441035
774,-0.06515711645101664
775,-0.02780269058295964
776,-0.031436794332521584
777,-0.04551630434782609
778,-0.060230670653566847
779,-0.03586358635863587
780,-0.07246376811594202
781,-0.02578548212351029
782,-0.042805100182149364
783,-0.05181818181818182
784,-0.03951650395165039
785,-0.04215404987861399
786,-0.030595813204508857
787,-0.04355108877721943
788,-0.028731604765241767
789,-0.02651089642776904
790,-0.03771504190560212
791,-0.037185482075261636
792,-0.03369241347696539
793,-0.0435291364380997
794,-0.030932490404154436
795,-0.04222860933009064
796,-0.04396325459317585
797,-0.03395472703062583
798,-0.038632326820603906
799,-0.0323516287371709
800,-0.037277486910994764
801,-0.04363554148767805
802,-0.044459489957120284
803,-0.05461056401074306
804,-0.020946104965874325
805,-0.03330392589325099
806,-0.04728392346602155
807,-0.043037404236142406
808,-0.024847632442569153
809,-0.032861706983112735
810,-0.0423861852433281
811,-0.033651758575770734
812,-0.04074702886247878
813,-0.028972972972972973
814,-0.045766084457218664
815,-0.03934719427677174
816,-0.03283646575934327
817,-0.06146363033384921
818,-0.04524387552416685
819,-0.029430719656283567
820,-0.05699244678416114
821,-0.04386750223813787
822,-0.06027276726792785
823,-0.04410460992907801
824,-0.05993912432685554
825,-0.03951165371809101
826,-0.023830734966592427
827,-0.06551103106708689
828,-0.04763022055373064
829,-0.049573437860272074
830,-0.04377980060684872
831,-0.0313439244310863
832,-0.02991256327657616
833,-0.05605435573889833
834,-0.051931049530874976
835,-0.025293987131129354
836,-0.03818301514154049
837,-0.0441207967444849
838,-0.024140930839495433
839,-0.03715976331360947
840,-0.021650879566982407
841,-0.05912199426428414
842,-0.030989272943980926
843,-0.036359724612736656
844,-0.046781115879828326
845,-0.025829436651079937
846,-0.022800602280060228
847,-0.02605346624376982
848,-0.04362880886426593
849,-0.03485740153915799
850,-0.04683377308707124
851,-0.04384925337757763
852,-0.035474147924878276
853,-0.03402903811252268
854,-0.053116298993360456
855,-0.03262092238470191
856,-0.03165247762497272
857,-0.024175824175824173
858,-0.04219977553310887
859,-0.053630754627432366
860,-0.026187717265353416
861,-0.04199823165340407
862,-0.03251121076233184
863,-0.0280653324131585
864,-0.02855288773523686
865,-0.029398040130657953
866,-0.03201219512195122
867,-0.048600564113690604
868,-0.03935026309768932
869,-0.036898748078190206
870,-0.02579632122027815
871,-0.04666827038729853
872,-0.02959738846572361
873,-0.04031677465802736
874,-0.02554827040470269
875,-0.05787641427328112
876,-0.03735373537353735
877,-0.03565179352580928
878,-0.041480820695807316
879,-0.037192982456140354
880,-0.02353209961160612
881,-0.02634619828980818
882,-0.029827315541601254
883,-0.041267008699531565
884,-0.05140961857379768
885,-0.04630454140694568
886,-0.03470961887477314
887,-0.03258254974852394
888,-0.03255813953488372
889,-0.05513439007580978
890,-0.053631284916201116
891,-0.03357093584732122
892,-0.05109160477155075
893,-0.043095667870036096
894,-0.03299492385786802
895,-0.029106029106029104
896,-0.03925992779783394
897,-0.04
898,-0.021915951197469495
899,-0.050167973124300116
900,-0.037224669603524226
901,-0.05284738041002278
902,-0.04444945848375451
903,-0.03798033958891868
904,-0.05147717099373321
905,-0.03266070314125234
906,-0.05147058823529412
907,-0.040193279156600044
908,-0.014918726341572031
909,-0.0685589519650655
910,-0.04121426988699313
911,-0.03531229309203266
912,-0.04576502732240437
913,-0.05397793945083314
914,-0.045589482612383374
915,-0.032467532467532464
916,-0.03892556339631232
917,-0.03333333333333333
918,-0.04031379385487034
919,-0.04005461993627674
920,-0.040061974324922534
921,-0.04305014884359972
922,-0.02868852459016394
923,-0.041493775933609964
924,-0.03429895712630359
925,-0.03505535055350554
926,-0.04450139794967381
927,-0.01841936174769758
928,-0.04342190537913156
929,-0.027630180658873543
930,-0.04790281916112766
931,-0.0350109409190372
932,-0.05743959304790165
933,-0.038078370599955724
934,-0.05232029117379436
935,-0.02572131514202639
936,-0.025979945305378307
937,-0.04931748128577719
938,-0.0506532202612881
939,-0.02823043378471425
940,-0.026280018124150428
941,-0.049054905490549056
942,-0.02014611467788355
943,-0.04129387474191328
944,-0.031431334622823985
945,-0.04418394950405771
946,-0.03374777975133215
947,-0.03765342209278136
948,-0.030670470756062766
949,-0.03804226918798665
950,-0.0478448275862069
951,-0.03527845573552252
952,-0.02980521004459047
953,-0.03431262614936084
954,-0.023019142234068327
955,-0.02965077970568856
956,-0.027993779160186624
957,-0.051375312571038875
958,-0.03095345684591053
959,-0.04845616407482533
960,-0.062299587723316535
961,-0.03400309119010819
962,-0.03483952702702703
963,-0.04066877541798464
964,-0.03215284249767009
965,-0.04591836734693878
966,-0.06153846153846154
967,-0.07209962857767097
968,-0.042056074766355145
969,-0.0397335236735665
970,-0.022217333919929607
971,-0.019212746016869727
972,-0.05226868327402135
973,-0.035869565217391305
974,-0.02530837941301574
975,-0.014558689717925387
976,-0.03947979563399907
977,-0.0170736978603847
978,-0.03480799461037503
979,-0.03253462299406463
980,-0.05952380952380952
981,-0.035291331122690665
982,-0.06349567592171143
983,-0.05028184892897407
984,-0.05537609598523304
985,-0.04971277065841803
986,-0.0480684811237928
987,-0.03855637749383546
988,-0.04299065420560748
989,-0.03935135135135135
990,-0.008695652173913044
991,-0.029338185126222428
992,-0.04543419874664279
993,-0.04248220640569395
994,-0.034893801473775465
995,-0.06685417568152315
996,-0.038341506910387874
997,-0.05708618029534935
998,-0.044134461468099705
999,-0.031320926009986386
1000,-0.024040684234858993
1001,-0.024250743536948064
1002,-0.03861517976031958
1003,-0.02021883920076118
1004,-0.04923215898825655
1005,-0.029111111111111112
1006,-0.040075436115040074
1007,-0.027190332326283984
1008,-0.03153257593322513
1009,-0.05253704535249214
1010,-0.042175360710321866
1011,-0.04008106282368836
1012,-0.03228825456247075
1013,-0.031465319246669725
1014,-0.06217738151102769
1015,-0.04009912142374409
1016,-0.04420387911592241
1017,-0.04782411604714415
1018,-0.03592814371257485
1019,-0.028590425531914893
1020,-0.02270121531758771
1021,-0.039664551223934724
1022,-0.060117967332123406
1023,-0.03456902433477371
1024,-0.06367816091954023
1025,-0.013073343673831155
1026,-0.036176864671728454
1027,-0.02498384665087228
1028,-0.033152909336941816
1029,-0.04356435643564356
1030,-0.05065710872162485
1031,-0.04458161865569273
1032,-0.040282203004096497
1033,-0.028175414678482166
1034,-0.03648827952233525
1035,-0.029930757203484478
1036,-0.038757932910244784
1037,-0.045619609623241034
1038,-0.025065387968613774
1039,-0.029729729729729728
1040,-0.04028331119964586
1041,-0.02358906525573192
1042,-0.029451744449478928
1043,-0.045164233576642336
1044,-0.029544521953221176
1045,-0.03313180169286578
1046,-0.04316546762589928
1047,-0.05095828635851184
1048,-0.04908407703147018
1049,-0.035177042351307565
1050,-0.030948643193541153
1051,-0.06045678459471563
1052,-0.05355064027939465
1053,-0.04887301941530908
1054,-0.03351404632824051
1055,-0.03389064618165387
1056,-0.04013810962451446
1057,-0.04079332882578318
1058,-0.03323262839879154
1059,-0.021452513966480447
1060,-0.02702127659574468
1061,-0.025787965616045842
1062,-0.025630339654094603
1063,-0.0416210295728368
1064,-0.04815524676569238
1065,-0.026948124859645185
1066,-0.03911228301472204
1067,-0.04392649036306589
1068,-0.03544857768052516
1069,-0.04146620847651775
1070,-0.039198606271777
1071,-0.03182616330114135
1072,-0.04012767897856817
1073,-0.048535198950590296
1074,-0.038410886742756806
1075,-0.06254264271093928
1076,-0.027639818613690345
1077,-0.0660627485638533
1078,-0.03384056325232796
1079,-0.030419107706173953
1080,-0.01983689662772757
1081,-0.04484820607175713
1082,-0.04832029452369996
1083,-0.04369709448638756
1084,-0.03978961811113652
1085,-0.0316072629455279
1086,-0.04058094831268689
1087,-0.03519333178976615
1088,-0.030967127203430204
1089,-0.03768956289027654
1090,-0.022039180765805876
1091,-0.03440521700022487
1092,-0.03512396694214876
1093,-0.0431989366415596
1094,-0.03758542141230069
1095,-0.04841919080256467
1096,-0.06057385759829968
1097,-0.04727272727272727
1098,-0.04698426573426573
1099,-0.029439252336448597
1100,-0.04592525889239082
1101,-0.027455357142857142
1102,-0.04110207768744354
1103,-0.042748793380832
1104,-0.033246259795772976
1105,-0.033415564027808924
1106,-0.03245165592353856
1107,-0.04753363228699552
1108,-0.03707995365005794
1109,-0.03720106288751107
1110,-0.04068030337853367
1111,-0.04491413474240423
1112,-0.02685700459714493
1113,-0.04859278803869833
1114,-0.04579291676065869
1115,-0.02501106684373617
1116,-0.05234867959803692
1117,-0.03045912653975364
1118,-0.033962264150943396
1119,-0.05471399502600045
1120,-0.033112582781456956
1121,-0.044114387053868324
1122,-0.0379746835443038
1123,-0.021033379058070414
1124,-0.032525796321220275
1125,-0.06293238116491855
1126,-0.027667057444314185
1127,-0.027317510076130765
1128,-0.026799557032115173
1129,-0.04721862871927555
1130,-0.04904386951631046
1131,-0.028712234840368545
1132,-0.05547913801008711
1133,-0.02945236999539807
1134,-0.03738317757009346
1135,-0.0396735434141918
1136,-0.039795205957644866
1137,-0.04975231531337498
1138,-0.01997276441216523
1139,-0.03275529865125241
1140,-0.028855032317636194
1141,-0.028509249183895538
1142,-0.03229448961156278
1143,-0.05688414209426514
1144,-0.03973357831878732
1145,-0.04853932584269663
1146,-0.05086206896551724
1147,-0.04380502469400902
1148,-0.038257663056003685
1149,-0.049714406600380796
1150,-0.05031446540880503
1151,-0.04131332898456186
1152,-0.04723163841807909
1153,-0.049491825011047284
1154,-0.05823068309070548
1155,-0.052539019564739504
1156,-0.04560649474689589
1157,-0.0326137963397466
1158,-0.04182424916573971
1159,-0.04086701286972229
1160,-0.05677227301722305
1161,-0.05969791416926397
1162,-0.04004424778761062
1163,-0.03768680961663418
1164,-0.048853901366056954
1165,-0.0311614730878187
1166,-0.056293627561360055
1167,-0.04402377283733216
1168,-0.040422187289467774
1169,-0.04438526409232135
1170,-0.05836407029724452
1171,-0.024278215223097113
1172,-0.04355069014754879
1173,-0.010456922027733575
1174,-0.027293064876957495
1175,-0.02484472049689441
1176,-0.03501860363318013
1177,-0.022492540739040626
1178,-0.02583979328165375
1179,-0.03589391860996799
1180,-0.03702872531418312
1181,-0.06529136537643555
1182,-0.04193400549954171
1183,-0.03843743471903071
1184,-0.036534675125793045
1185,-0.05749249595936273
1186,-0.048379837983798385
1187,-0.0509812767877284
1188,-0.04718066743383199
1189,-0.0430956678700361
1190,-0.05731523378582202
1191,-0.04734237142242307
1192,-0.03617747440273038
1193,-0.037267080745341616
1194,-0.036601897876186174
1195,-0.03004085556356645
1196,-0.034437376617679316
1197,-0.0541849204519253
1198,-0.04591388400702988
1199,-0.02146608814797899
1200,-0.0421978021978022
1201,-0.03205273925892248
1202,-0.0338713343941805
1203,-0.04185073238781679
1204,-0.011570247933884297
1205,-0.04200726612170754
1206,-0.026452633958851456
1207,-0.0441784548422198
1208,-0.04882988298829883
1209,-0.04179529802897174
1210,-0.030759303075930305
1211,-0.03079794680354643
1212,-0.03315290933694181
1213,-0.023231031543052005
1214,-0.04285714285714286
1215,-0.03757875787578758
1216,-0.020319634703196348
1217,-0.04936562860438293
1218,-0.02440677966101695
1219,-0.03054448871181939
1220,-0.02249134948096886
1221,-0.02747380675203725
1222,-0.042497831743278404
1223,-0.035242290748898675
1224,-0.028483266081177308
1225,-0.04356523671927095
1226,-0.047190047190047185
1227,-0.03537735849056604
1228,-0.037829317721233956
1229,-0.034505788067675874
1230,-0.03251845018450184
1231,-0.05592105263157895
1232,-0.02469135802469136
1233,-0.03171766808130445
1234,-0.037303058387395734
1235,-0.03511972633979475
1236,-0.02830188679245283
1237,-0.05572824156305506
1238,-0.04964061096136568
1239,-0.04826512455516014
1240,-0.027170311464546057
1241,-0.044172932330827065
1242,-0.03939666816749212
1243,-0.03234381922906513
1244,-0.029545948294590483
1245,-0.03558255586895205
1246,-0.04512089810017271
1247,-0.02108237339708759
1248,-0.05043712172158709
1249,-0.04127276919529629
1250,-0.04231473010064044
1251,-0.0452914798206278
1252,-0.030914555603263203
1253,-0.0676164631388512
1254,-0.05143651529193698
1255,-0.032516493873704054
1256,-0.019463087248322148
1257,-0.03067348299622138
1258,-0.03583426651735722
1259,-0.04126048515075947
1260,-0.026224181944766767
1261,-0.062132851333032084
1262,-0.04292637895222709
1263,-0.020202020202020204
1264,-0.04176280572219659
1265,-0.025595370576452257
1266,-0.04864154250657318
1267,-0.033773861967694566
1268,-0.024765729585006693
1269,-0.024127430311548372
1270,-0.05219114732437789
1271,-0.050054884742041714
1272,-0.049551569506726456
1273,-0.03568912890349847
1274,-0.023205378442854047
1275,-0.04839793860631862
1276,-0.04009856630824373
1277,-0.04338649155722326
1278,-0.015542907180385288
1279,-0.020438898450946645
1280,-0.0428436911487759
1281,-0.04313813142601699
1282,-0.03795233892321272
1283,-0.04706390328151987
1284,-0.02556940266437473
1285,-0.015910710045119927
1286,-0.04075164138555581
1287,-0.031122217174011813
1288,-0.06280920628092063
1289,-0.03836877877658408
1290,-0.04470015490152689
1291,-0.03600091722082091
1292,-0.05630085770837916
1293,-0.02720471548401723
1294,-0.03945804611362016
1295,-0.030025212010084804
1296,-0.03338968723584108
1297,-0.04460628129267182
1298,-0.0467706013363029
1299,-0.05691439322671684
1300,-0.04586739327883742
1301,-0.02978817299205649
1302,-0.060474669100867184
1303,-0.025641025641025644
1304,-0.023633998265394623
1305,-0.026263952724885093
1306,-0.0429100413853191
1307,-0.05379959650302623
1308,-0.013359614542268946
1309,-0.04411106135244066
1310,-0.038021071919377
1311,-0.032494279176201374
1312,-0.012534184138559707
1313,-0.02712700369913687
1314,-0.05548883017055009
1315,-0.06680584551148225
1316,-0.020675855935971543
1317,-0.03470437017994858
1318,-0.02869042110134197
1319,-0.03662842012356575
1320,-0.045992115637319315
1321,-0.0390987408880053
1322,-0.050998316093336535
1323,-0.032343819229065124
1324,-0.031746031746031744
1325,-0.04427251235761874
1326,-0.02437869822485207
1327,-0.037971856153674335
1328,-0.04515839137272523
1329,-0.01868178001679261
1330,-0.05017761989342807
1331,-0.044039145907473314
1332,-0.06647398843930637
1333,-0.038048151332760106
1334,-0.04035874439461884
1335,-0.02142051860202931
1336,-0.03502626970227671
1337,-0.024983563445101907
1338,-0.037518976360876165
1339,-0.0490566037735849
1340,-0.035370494739198566
1341,-0.03698598667585573
1342,-0.04076486656860685
1343,-0.039934989551892265
1344,-0.028004410143329658
1345,-0.06976744186046512
1346,-0.028778558875219684
1347,-0.03551485369667188
1348,-0.02662862577270566
1349,-0.04134484325306679
1350,-0.024093722369584437
1351,-0.043867502238137866
1352,-0.052193995381062355
1353,-0.05182648401826484
1354,-0.06270340637882403
1355,-0.029172744321733696
1356,-0.0555043758636573
1357,-0.04278315694663364
1358,-0.045024763619991
1359,-0.046865104496516784
1360,-0.05594723675233113
1361,-0.039397450753186555
1362,-0.04443938012762079
1363,-0.03325205054311682
1364,-0.04136400322841001
1365,-0.04644631669907108
1366,-0.04983108108108108
1367,-0.045270270270270266
1368,-0.04174778282500541
1369,-0.04132762312633833
1370,-0.04834960483496048
1371,-0.0562429696287964
1372,-0.04274879338083199
1373,-0.05434298440979956
1374,-0.03094910591471802
1375,-0.035060975609756094
1376,-0.03414416424905155
1377,-0.04081177520071365
1378,-0.0617369269753513
1379,-0.027664399092970523
1380,-0.04716763005780347
1381,-0.057235923685435085
1382,-0.0610975338813597
1383,-0.03544776119402985
1384,-0.04372540445999125
1385,-0.02262819182063525
1386,-0.020092378752886837
1387,-0.04139772980191409
1388,-0.06029151943462898
1389,-0.04704129416773095
1390,-0.061897286387082306
1391,-0.033046627433227706
1392,-0.045164233576642336
1393,-0.04670002382654277
1394,-0.022487069934787496
1395,-0.05433998557345516
1396,-0.03602305475504323
1397,-0.026715110066253475
1398,-0.04720935362894331
1399,-0.036411493748629085
1400,-0.02783528870485392
1401,-0.05491329479768786
1402,-0.04097083054998887
1403,-0.027400362318840583
1404,-0.03185136031851361
1405,-0.03511518675911429
1406,-0.04113110539845758
1407,-0.026920551543007223
1408,-0.02289740202553941
1409,-0.03523809523809524
1410,-0.030549450549450546
1411,-0.06560592850915431
1412,-0.04690077775159086
1413,-0.05340485074626866
1414,-0.056565197637437524
1415,-0.045601204560120456
1416,-0.017418277260796946
1417,-0.057505922894680164
1418,-0.03546099290780142
1419,-0.039864701618748485
1420,-0.05108010801080108
1421,-0.03651433691756272
1422,-0.030196936542669587
1423,-0.0367175403671754
1424,-0.04342959480635774
1425,-0.04087013843111404
1426,-0.04188144329896907
1427,-0.03773584905660377
1428,-0.02517902517902518
1429,-0.027777777777777776
1430,-0.035245183887915935
1431,-0.03257542632269349
1432,-0.022577816747040774
1433,-0.043869516310461196
1434,-0.04775150672229949
1435,-0.05751092707614447
1436,-0.03789380920907689
1437,-0.03554230681036459
1438,-0.04553692795650204
1439,-0.04767361906944763
1440,-0.040060305836743484
1441,-0.020436280137772676
1442,-0.0448519664162616
1443,-0.03476169654569305
1444,-0.06500110546097723
1445,-0.03217821782178218
1446,-0.026646113190927107
1447,-0.02005288673424416
1448,-0.05847554038680318
1449,-0.033783783783783786
1450,-0.027391208305721226
1451,-0.01786881673567226
1452,-0.0276558384547849
1453,-0.037045832343861315
1454,-0.026583099200345794
1455,-0.026736795967565202
1456,-0.02046783625730994
1457,-0.06976744186046512
1458,-0.04358865848497673
1459,-0.03296703296703297
1460,-0.045653677657366845
1461,-0.02956802956802957
1462,-0.03696098562628337
1463,-0.03565179352580928
1464,-0.05257295611494765
1465,-0.019421965317919076
1466,-0.048537234042553196
1467,-0.06370164466064396
1468,-0.034546719220959886
1469,-0.02872293415819708
1470,-0.038400722837135755
1471,-0.0367791077257889
1472,-0.03625651484251076
1473,-0.04386163237621524
1474,-0.05087174588010509
1475,-0.02362020579981291
1476,-0.05905330882352942
1477,-0.009277238403451994
1478,-0.03279771076381246
1479,-0.03980222496909765
1480,-0.0328875246656435
1481,-0.04419642857142857
1482,-0.03936494127881688
1483,-0.052954545454545456
1484,-0.029677962534203326
1485,-0.033216783216783216
1486,-0.05051871898962562
1487,-0.028293545534924847
1488,-0.03217391304347826
1489,-0.045657801835726056
1490,-0.01893491124260355
1491,-0.04059040590405904
1492,-0.027642276422764227
1493,-0.025022747952684256
1494,-0.04896907216494845
1495,-0.04453528399311532
1496,-0.04312543473220496
1497,-0.041113219481340925
1498,-0.049867021276595744
1499,-0.03774879890185313
1500,-0.033458067356372446
1501,-0.051276408450704226
1502,-0.03646659116647792
1503,-0.029141448105805875
1504,-0.03182908218879442
1505,-0.028349433011339773
1506,-0.04097283085013147
1507,-0.04817127564674398
1508,-0.031494252873563215
1509,-0.04284153005464481
1510,-0.03555253623188406
1511,-0.01197339246119734
1512,-0.04279230602982494
1513,-0.06686310063463281
1514,-0.03377777777777778
1515,-0.0391520657581657
1516,-0.035416196706519285
1517,-0.04334085778781038
1518,-0.04279817510319357
1519,-0.04821708903341557
1520,-0.03290322580645161
1521,-0.02770448548812665
1522,-0.03612295265873906
1523,-0.04752387297357317
1524,-0.05216802168021681
1525,-0.03601589667163437
1526,-0.05875412930627655
1527,-0.0361531190926276
1528,-0.023885689912561313
1529,-0.027683997299122215
1530,-0.03323469155474618
1531,-0.040100250626566414
1532,-0.04379888268156425
1533,-0.04104558219917909
1534,-0.05377079061289587
1535,-0.05794036794248255
1536,-0.021622878400372008
1537,-0.04526748971193416
1538,-0.05023338519671038
1539,-0.047076855703963215
1540,-0.04284176533907427
1541,-0.039397201291711516
1542,-0.038202247191011236
1543,-0.018763326226012796
1544,-0.04552254755289592
1545,-0.038699690402476776
1546,-0.04295726882206647
1547,-0.03179579041648007
1548,-0.04946996466431096
1549,-0.039695361181629356
1550,-0.04847676228596842
1551,-0.04232111692844678
1552,-0.04700665188470067
1553,-0.02800441014332966
1554,-0.01521164021164021
1555,-0.05896277168065418
1556,-0.026781857451403886
1557,-0.05240793201133145
1558,-0.025749063670411982
1559,-0.04112359550561798
1560,-0.04181574239713774
1561,-0.03151024082826919
1562,-0.050129442221699225
1563,-0.036134087940792335
1564,-0.030092592592592594
1565,-0.00987211128561813
1566,-0.04688888888888889
1567,-0.03178991015894955
1568,-0.03777728969909949
1569,-0.02826286764705882
1570,-0.029964221824686943
1571,-0.025696969696969697
1572,-0.05660377358490566
1573,-0.02645381984036488
1574,-0.034287011807447774
1575,-0.03857693956279469
1576,-0.040152963671128104
1577,-0.04931629679444071
1578,-0.052816129739206664
1579,-0.025668914509462692
1580,-0.040978189028420355
1581,-0.05643134567055061
1582,-0.03383374411830607
1583,-0.031082529474812437
1584,-0.0412442396313364
1585,-0.0516934046345811
1586,-0.04925893635571055
1587,-0.026913743657621884
1588,-0.041646605681271064
1589,-0.02824220515137822
1590,-0.046054209642600145
1591,-0.054041983028137563
1592,-0.025173210161662816
1593,-0.048104265402843606
1594,-0.06763717805151175
1595,-0.0368315952962059
1596,-0.05188459748720335
1597,-0.027579866697310964
1598,-0.07750055199823361
1599,-0.030249503201589756
1600,-0.0406885758998435
1601,-0.05505395287381634
1602,-0.036565977742448325
1603,-0.02287872056863616
1604,-0.029064685314685312
1605,-0.040667606958157035
1606,-0.03774422735346359
1607,-0.04509345794392523
1608,-0.02656013819909307
1609,-0.045065865495724514
1610,-0.023698602390115453
1611,-0.023978685612788632
1612,-0.027526976436908168
1613,-0.03249499221010461
1614,-0.053538175046554934
1615,-0.039512305260781214
1616,-0.030674846625766868
1617,-0.040902995082700046
1618,-0.024739884393063582
1619,-0.03507194244604316
1620,-0.042466922748612884
1621,-0.043109378582893834
1622,-0.04326328800988875
1623,-0.03295068027210884
1624,-0.029039301310043668
1625,-0.03870033112582781
1626,-0.049596309111880045
1627,-0.03584315612220351
1628,-0.04637934806388099
1629,-0.035424187725631766
1630,-0.029151943462897525
1631,-0.035529570496964244
1632,-0.032146709816612724
1633,-0.0436498723009055
1634,-0.037235228539576365
1635,-0.04734805372183019
1636,-0.0319677954061094
1637,-0.033666377063423104
1638,-0.04250111259457054
1639,-0.029568697198755003
1640,-0.024300779458963778
1641,-0.03013392857142857
1642,-0.04779582366589327
1643,-0.031149793861658264
1644,-0.027495128815760987
1645,-0.033797670701073305
1646,-0.03624417125900806
1647,-0.03656667396540399
1648,-0.05254237288135593
1649,-0.03748597081930415
1650,-0.045283018867924525
1651,-0.030282935455349245
1652,-0.06709194896612407
1653,-0.03618186146155677
1654,-0.04160107937935687
1655,-0.04763056092843326
1656,-0.04641940751108001
1657,-0.03637596023497514
1658,-0.03953908721192951
1659,-0.05585392051557465
1660,-0.056405572048412886
1661,-0.04075235109717869
1662,-0.03522920203735144
1663,-0.03975465697410268
1664,-0.03855582794740361
1665,-0.041972477064220186
1666,-0.03710853710853711
1667,-0.022610252966196554
1668,-0.04899726526891522
1669,-0.023862129916040656
1670,-0.020309050772626933
1671,-0.01770929162833487
1672,-0.04048295454545455
1673,-0.04419764279238441
1674,-0.044395604395604395
1675,-0.04819277108433735
1676,-0.050375607600530274
1677,-0.031076581576026642
1678,-0.045317220543806644
1679,-0.03383630544124372
1680,-0.03211899116188834
1681,-0.04184286668150457
1682,-0.038280725319006045
1683,-0.049725077695433904
1684,-0.05221339387060159
1685,-0.05358744394618834
1686,-0.022060445621001543
1687,-0.06076118406409971
1688,-0.03945035460992908
1689,-0.038181818181818185
1690,-0.047674690348212194
1691,-0.025988700564971753
1692,-0.03924682395644283
1693,-0.041694096993636166
1694,-0.032572568136494576
1695,-0.026542943461372464
1696,-0.037551551986108093
1697,-0.021749298409728716
1698,-0.038830409356725146
1699,-0.046397263202907844
1700,-0.04400977995110024
1701,-0.0470752738289443
1702,-0.05041831792162044
1703,-0.03525998661013167
1704,-0.03633594429939078
1705,-0.042441478888645814
1706,-0.03320619250617007
1707,-0.060563047078306134
1708,-0.03504218040233614
1709,-0.041355787678533366
1710,-0.01979987225888865
1711,-0.04781967558457974
1712,-0.020847048496818083
1713,-0.041910770617395225
1714,-0.026941362916006337
1715,-0.04601932811780948
1716,-0.03863432165318957
1717,-0.04615033127713046
1718,-0.04
1719,-0.04709647919524462
1720,-0.02412571934484285
1721,-0.03654562383612663
1722,-0.028740875912408755
1723,-0.042704626334519574
1724,-0.05951327433628318
1725,-0.046881814217182724
1726,-0.05023761031907671
1727,-0.037760137309590214
1728,-0.019028430714125813
1729,-0.050033654924837336
1730,-0.041182170542635656
1731,-0.04471175669541534
1732,-0.035826242722794444
1733,-0.047473867595818814
1734,-0.028709232889297196
1735,-0.0289229440966976
1736,-0.017267429311461257
1737,-0.03534542116134955
1738,-0.043986998916576384
1739,-0.027535258562793822
1740,-0.04065743944636678
1741,-0.033913633280578795
1742,-0.029524453459544735
1743,-0.06421194431971262
1744,-0.051815868609761735
1745,-0.05300272975432211
1746,-0.03716216216216216
1747,-0.03480735551663748
1748,-0.03707968678028559
1749,-0.03007200338839475
1750,-0.03371057067180351
1751,-0.03707672524646378
1752,-0.02881966518330155
1753,-0.0565742397137746
1754,-0.0270990670812972
1755,-0.027477919528949953
1756,-0.03948750262549884
1757,-0.06278514012600478
1758,-0.04951333051206094
1759,-0.04296160877513711
1760,-0.04056603773584906
1761,-0.043238473417163026
1762,-0.026290857413548082
1763,-0.03177916956622593
1764,-0.041562000456725284
1765,-0.051249199231262005
1766,-0.05216450216450216
1767,-0.01957765068191817
1768,-0.0549760973489787
1769,-0.03221288515406163
1770,-0.04092363968907179
1771,-0.03942093541202673
1772,-0.023687150837988825
1773,-0.043331076506431955
1774,-0.03240843507214206
1775,-0.05724550898203593
1776,-0.03461804754211862
1777,-0.02841287458379578
1778,-0.044938719927371765
1779,-0.04276845251782019
1780,-0.02904761904761905
1781,-0.036431883417973064
1782,-0.02787219578518015
1783,-0.052750735793525017
1784,-0.03254437869822485
1785,-0.029463116542994328
1786,-0.03916505272218636
1787,-0.031831961888263316
1788,-0.05335586673104781
1789,-0.059614522635589424
1790,-0.044868844914864245
1791,-0.0346498667312818
1792,-0.04883081155433287
1793,-0.04169409699363616
1794,-0.03171202056995929
1795,-0.04527421236872812
1796,-0.042046718576195775
1797,-0.041316685584562994
1798,-0.03016348146442551
1799,-0.031914893617021274
1800,-0.03294614572333686
1801,-0.034904013961605584
1802,-0.04682198597602352
1803,-0.011009174311926606
1804,-0.04561637739207833
1805,-0.040062319163142665
1806,-0.03826007743110908
1807,-0.0447402880838062
1808,-0.043752819124943616
1809,-0.026278836509528586
1810,-0.03972216192750162
1811,-0.02421146157263438
1812,-0.037675606641123884
1813,-0.047854077253218885
1814,-0.031064412973960717
1815,-0.046841882153454854
1816,-0.02252152793111062
1817,-0.03893310389331039
1818,-0.03713355048859935
1819,-0.03341725795376516
1820,-0.0443904593639576
1821,-0.041749502982107355
1822,-0.03671655753040225
1823,-0.044650560828300254
1824,-0.05469970975664211
1825,-0.025776602775941838
1826,-0.038409399005874374
1827,-0.03383713061132416
1828,-0.049704947798456654
1829,-0.025744347436758446
1830,-0.040767903364969806
1831,-0.03668122270742358
1832,-0.044931625786846105
1833,-0.02814645308924485
1834,-0.0514161220043573
1835,-0.02543822146216332
1836,-0.021715526601520086
1837,-0.02508880994671403
1838,-0.02352135190682804
1839,-0.06263294729378398
1840,-0.04317958783120707
1841,-0.0408254822790489
1842,-0.03657407407407407
1843,-0.040062319163142665
1844,-0.031742556917688264
1845,-0.03867660764212489
1846,-0.022945804195804196
1847,-0.06407587323617858
1848,-0.03316086547507056
1849,-0.03759219605044016
1850,-0.05442487994511777
1851,-0.03280182232346241
1852,-0.03188720173535792
1853,-0.04569772625947392
1854,-0.04915409236396891
1855,-0.03464310625435945
1856,-0.05523853001597809
1857,-0.028213879408418657
1858,-0.05803177405119153
1859,-0.01939799331103679
1860,-0.028313109683559365
1861,-0.035358565737051796
1862,-0.05254016500217108
1863,-0.03724079559881506
1864,-0.030941408821593155
1865,-0.03962485345838218
1866,-0.04429263992948435
1867,-0.03690273037542662
1868,-0.05490466345049391
1869,-0.03628750872295883
1870,-0.05704225352112676
1871,-0.032900834105653386
1872,-0.0560364464692483
1873,-0.056453398273190174
1874,-0.027394258163488932
1875,-0.03802008608321378
1876,-0.04387732258786658
1877,-0.03743668795419511
1878,-0.03717472118959108
1879,-0.012929112795363355
1880,-0.03402331667856293
1881,-0.03478461184058973
1882,-0.06526038233355307
1883,-0.029880478087649404
1884,-0.04711451758340848
1885,-0.018042399639152006
1886,-0.045355902777777776
1887,-0.044475011462631824
1888,-0.04911228960110675
1889,-0.05712350417701513
1890,-0.04322071083808688
1891,-0.0370776656428258
1892,-0.04279379157427938
1893,-0.03659035159443991
1894,-0.0462942354774093
1895,-0.034329023629068214
1896,-0.048068283917340526
1897,-0.05428907168037603
1898,-0.04577691811734365
1899,-0.0401255323918404
1900,-0.04632693580410324
1901,-0.0411316648531012
1902,-0.021800741225201654
1903,-0.03324526640246587
1904,-0.04343971631205674
1905,-0.03604981428883548
1906,-0.026304533789563732
1907,-0.03356770242685416
1908,-0.046924540266328474
1909,-0.055846007604562736
1910,-0.03508771929824561
1911,-0.03442914260328743
1912,-0.020092378752886837
1913,-0.034545454545454546
1914,-0.05061155630535639
1915,-0.026942774437764418
1916,-0.028012449977767896
1917,-0.04263824117255163
1918,-0.02455601841701381
1919,-0.049166310389055154
1920,-0.047578040904198066
1921,-0.043785632839224625
1922,-0.03831168831168831
1923,-0.07337016574585635
1924,-0.03197807217907721
1925,-0.026524597596916798
1926,-0.037640578379619004
1927,-0.039002267573696146
1928,-0.031330371755903676
1929,-0.06542266187050359
1930,-0.032716606498194946
1931,-0.027337468412589022
1932,-0.02560175054704595
1933,-0.05023809523809524
1934,-0.020743104627307954
1935,-0.044182948490230904
1936,-0.0351528384279476
1937,-0.03246325948672955
1938,-0.03623984186250823
1939,-0.03285845588235294
1940,-0.05193394176445024
1941,-0.029492455418381344
1942,-0.015402298850574711
1943,-0.05351170568561873
1944,-0.02206194314806958
1945,-0.03534118693042898
1946,-0.030275846602377213
1947,-0.05836035201482168
1948,-0.037780656303972364
1949,-0.03149937001259975
1950,-0.0406376290974405
1951,-0.025065387968613777
1952,-0.053043867502238135
1953,-0.04353741496598639
1954,-0.04602235371466141
1955,-0.0257360959651036
1956,-0.018458698661744346
1957,-0.05010799136069115
1958,-0.04643893726278187
1959,-0.0361159169550173
1960,-0.052037761915726455
1961,-0.052897884084636616
1962,-0.037757178385711056
1963,-0.04492624050067054
1964,-0.017703132092601
1965,-0.025591397849462367
1966,-0.03251121076233184
1967,-0.028488111260655
1968,-0.02182142061901581
1969,-0.03881126635617654
1970,-0.036619718309859155
1971,-0.05179727617771824
1972,-0.046766881412550705
1973,-0.03926701570680628
1974,-0.04100946372239748
1975,-0.035222397832467826
1976,-0.043307943416757345
1977,-0.033650329188002925
1978,-0.020470588235294115
1979,-0.03249540159411404
1980,-0.041049798115746966
1981,-0.049723756906077346
1982,-0.04421915444348576
1983,-0.056472840392438384
1984,-0.034432234432234435
1985,-0.04118173679498657
1986,-0.04571159283694628
1987,-0.020847496034443688
1988,-0.05053251756174938
1989,-0.03313927451858486
1990,-0.024412502851927902
1991,-0.06408245574725521
1992,-0.05629663124576079
1993,-0.03846153846153846
1994,-0.04341119435874835
1995,-0.02457383218950631
1996,-0.04056271981242673
1997,-0.039121930015214086
1998,-0.052789303826648225
1999,-0.018610129564193167
