resample,delta_f1
0,-0.17501977020049309
1,-0.13397975897975894
2,-0.021085977152062174
3,-0.12237642610132166
4,-0.07519439853855647
5,-0.10452522589379498
6,-0.14057678447671906
7,-0.16126130987714282
8,-0.10251121704726032
9,-0.08752169617346256
10,-0.14199216819804977
11,-0.12108422869804958
12,-0.14929886392941216
13,-0.0819397138568913
14,-0.09234693877551026
15,-0.14997385136053565
16,-0.09821599106537157
17,-0.1535055954864448
18,-0.10068043679373348
19,-0.12632313470490475
20,-0.03959438013505956
21,-0.1526495875377935
22,-0.134590542742457
23,-0.12387455200613842
24,-0.08868779250856412
25,-0.0911529971404047
26,-0.13001213405842849
27,-0.10385744659309507
28,-0.15024704078032242
29,-0.11373526506967366
30,-0.07763097185520743
31,-0.114988204403354
32,-0.07078919734279293
33,-0.08373965511369438
34,-0.07446977152432374
35,-0.05227964285706582
36,-0.0943852794204385
37,-0.07853541250443258
38,-0.17151037053819695
39,-0.11993833864008399
40,-0.11239283665126687
41,-0.09361218707974533
42,-0.1417048625929742
43,-0.15892014550430636
44,-0.10673264357474882
45,-0.08443856619763154
46,-0.19235068259385665
47,-0.08218386165408137
48,-0.07405911989747938
49,-0.08785797745601176
50,-0.10130062426988695
51,-0.2025726094807938
52,-0.055341889842356745
53,-0.11911808852245001
54,-0.10605227035991854
55,-0.13371130427205194
56,-0.11797485368653915
57,-0.16204726826273788
58,-0.09250235103017862
59,-0.14561080043274868
60,-0.1429750276644426
61,-0.07387472930201566
62,-0.08551350039694405
63,-0.0900542881690069
64,-0.13135169262127883
65,-0.10063530979865648
66,-0.14388445706886355
67,-0.14896871371643294
68,-0.12280843257299598
69,-0.11419618061719572
70,-0.17132687626351323
71,-0.0987220665697991
72,-0.09975444789846233
73,-0.18193147332264542
74,-0.13127705201303558
75,-0.15689979642755825
76,-0.08980068069042102
77,-0.16164186670521197
78,-0.0984305107811751
79,-0.026398397579397548
80,-0.11286918471489371
81,-0.0624360607998784
82,-0.15960726110286563
83,-0.09258331691655103
84,-0.10180897074772405
85,-0.16009794220407378
86,-0.06870058767391632
87,-0.1448845885896966
88,-0.09108354691670892
89,-0.1228270568182829
90,-0.10370714827336291
91,-0.06488601425532048
92,-0.0957504302971556
93,-0.1489989135495887
94,-0.18339745928554846
95,-0.1245154968717121
96,-0.07814577637451264
97,-0.08438848380333597
98,-0.1730346746207015
99,-0.15844887660307436
100,-0.08920840796038443
101,-0.13820799936850914
102,-0.12226394245447389
103,-0.17732575511167065
104,-0.07893990765581738
105,-0.11380001185252486
106,-0.06682056881128343
107,-0.2200840522008405
108,-0.11113876196218805
109,-0.12696901996533114
110,-0.09010018714006557
111,-0.07412941405524842
112,-0.19276497218094485
113,-0.09695423235558909
114,-0.13197054295201172
115,-0.02933523692525633
116,-0.17534067727458175
117,-0.08183186093485406
118,-0.07867868179392401
119,-0.17272568023626594
120,-0.0822371029262729
121,-0.1027850394627502
122,-0.10678917946921482
123,-0.1635297766405813
124,-0.23122710116503523
125,-0.1298049968126695
126,-0.062407502103608514
127,-0.12040508511096745
128,-0.09802191030298196
129,-0.1601643484488673
130,-0.09385939491476303
131,-0.10789994459504235
132,-0.08630936191046079
133,-0.06881165556682689
134,-0.12718743841406077
135,-0.03666706517359408
136,-0.1404862307429445
137,-0.1395088113898267
138,-0.12790467460611551
139,-0.14028937472114222
140,-0.11169268380152403
141,-0.15338796565430404
142,-0.16117919103506706
143,-0.2142237412264324
144,-0.1028890241000156
145,-0.06224922828531099
146,-0.12935418900042234
147,-0.15518150378050405
148,-0.10848303836211176
149,-0.10376764698427715
150,-0.14311724177914995
151,-0.11476197780845732
152,-0.09243926288676182
153,-0.12514858889770006
154,-0.18763243200506002
155,-0.1214694300853981
156,-0.06830345280310074
157,-0.11814114297335773
158,-0.148567740332551
159,-0.1396724921649045
160,-0.062131735738503585
161,-0.07992896456973908
162,-0.1348433597083843
163,-0.2386593168183127
164,-0.11290902132855798
165,-0.1407326678001075
166,-0.15490174685723293
167,-0.06798973902480157
168,-0.15432218223590113
169,-0.13317323635197528
170,-0.17227404762759152
171,-0.13150799772579952
172,-0.12925781823520782
173,-0.1400275924969189
174,-0.17087329569432685
175,-0.15894623942108654
176,-0.111444121800056
177,-0.0430534960064633
178,-0.1674428540910062
179,-0.10495970213427744
180,-0.12288397886496535
181,-0.09509452940578197
182,-0.12460632109377892
183,-0.16953536801041136
184,-0.13478224914619846
185,-0.13699335310838678
186,-0.08057662067225901
187,-0.11225021241714919
188,-0.08015968095446996
189,-0.11351949321378854
190,-0.1105494098311669
191,-0.16505942275042443
192,-0.05206235057135866
193,-0.09404104863746118
194,-0.06265387159090613
195,-0.07417842222965482
196,-0.13906821800220354
197,-0.06870234038766998
198,-0.12238998354367803
199,-0.1639964811762551
200,-0.14439337865111715
201,-0.11514947999944708
202,-0.15420839340595888
203,-0.1489357557576813
204,-0.0735307332784686
205,-0.13209935103989795
206,-0.08394587761599337
207,-0.13697273289339204
208,-0.10449157389503802
209,-0.1810046350589155
210,-0.12837674268746135
211,-0.10129640389731537
212,-0.1316984559491372
213,-0.13555025585452005
214,-0.04803527402328034
215,-0.17475182974327652
216,-0.07415589505943601
217,-0.17062943527795876
218,-0.16314907127173459
219,-0.06747160481246642
220,-0.08627695202596514
221,-0.06503257393996106
222,-0.08029344460896484
223,-0.09707624705858137
224,-0.08776343374158671
225,-0.12925251447524055
226,-0.15273248484817237
227,-0.13529500227960842
228,-0.10192430095254815
229,-0.0987653045711554
230,-0.11006102465480125
231,-0.13147478740564647
232,-0.040621605236133285
233,-0.11304464665150116
234,-0.07352554563340424
235,-0.10948504779369728
236,-0.10974720466699078
237,-0.07695101050380954
238,-0.16500014471919652
239,-0.10804262229622782
240,-0.13838181539606453
241,-0.16775865149800462
242,-0.07514280931703313
243,-0.09536213414893169
244,-0.09715542013421635
245,-0.19476333819406957
246,-0.16593738604990366
247,-0.06559324782481868
248,-0.19969750509527576
249,-0.08970948767890538
250,-0.13874067291804804
251,-0.14027589796467582
252,-0.08651511663195788
253,-0.06816608329137361
254,-0.09438608445479152
255,-0.10337495779461803
256,-0.15120091209711375
257,-0.1651792227450122
258,-0.146128994057394
259,-0.22925186062198938
260,-0.14663272889876589
261,-0.08928588415475208
262,-0.10203211834533199
263,-0.10315987518182809
264,-0.12397352829077296
265,-0.03981600440488203
266,-0.16759769295107188
267,-0.13301143057521192
268,-0.14024134134020508
269,-0.2025503889674681
270,-0.1597657804475943
271,-0.14246185328528843
272,-0.13195391106783513
273,-0.07095533211613134
274,-0.09533912138869063
275,-0.09861436304402146
276,-0.1515646033044057
277,-0.18474740234160575
278,-0.11252620237045743
279,-0.1212328562241067
280,-0.13698049417102418
281,-0.09079247183968986
282,-0.09050892998261417
283,-0.06608301630409966
284,-0.05936205893425511
285,-0.09318366265073408
286,-0.11870367554458647
287,-0.12798926232730923
288,-0.14777061066905225
289,-0.14393259985207102
290,-0.21665738556835798
291,-0.10384857780086645
292,-0.13895770097861876
293,-0.15181796712679607
294,-0.0986484971858207
295,-0.11781887273721063
296,-0.10512088825646004
297,-0.11840404712317656
298,-0.09133581058195561
299,-0.10340307086197537
300,-0.03741033836745522
301,-0.09008342705374789
302,-0.07065449586184114
303,-0.19033923386874535
304,-0.08101246867622391
305,-0.15830417127342686
306,-0.07815237816672693
307,-0.12151951082621928
308,-0.08489371652910527
309,-0.09654287785951471
310,-0.14095171896376718
311,-0.14452948920272105
312,-0.10048312931183823
313,-0.12799970650978668
314,-0.01339606033877963
315,-0.11053849344637356
316,-0.09344388146783353
317,-0.13606042001798704
318,-0.11518359302432507
319,-0.0964441424072395
320,-0.1454921549039196
321,-0.103058505053511
322,-0.11383908551646577
323,-0.14440507697999375
324,-0.0813271746556137
325,-0.09244505531817798
326,-0.1588291704753627
327,-0.20426624928398648
328,-0.11949880874098456
329,-0.1675103430710833
330,-0.11091637289332862
331,-0.11888694595637428
332,-0.11433889020580687
333,-0.17205258631569983
334,-0.11692054222142145
335,-0.23672309787488935
336,-0.1574712263291653
337,-0.12234004120237618
338,-0.061287523859101134
339,-0.13201346353865712
340,-0.21814001402699465
341,-0.06116417454989326
342,-0.06913232002983963
343,-0.1379180959562982
344,-0.0848598130841122
345,-0.05870137603506487
346,-0.11431313352687714
347,-0.10907118910607216
348,-0.103989410756328
349,-0.08384620166604498
350,-0.15089891490576818
351,-0.10162508909479684
352,-0.16523750647123836
353,-0.11839088880373289
354,-0.1707299338933873
355,-0.1313983520689997
356,-0.10192239176871898
357,-0.06442592166220606
358,-0.1089183339815335
359,-0.09938192067755783
360,-0.045568812812629145
361,-0.15432196078318972
362,-0.07924573831807921
363,-0.2021935492201933
364,-0.1956441770278743
365,-0.10307215191658531
366,-0.11754065871842462
367,-0.10071199218204657
368,-0.04350708119427921
369,-0.07381806824193832
370,-0.09981384861435202
371,-0.16497822802808143
372,-0.12785848967497965
373,-0.1498673245456762
374,-0.10077514461929524
375,-0.09143753946014851
376,-0.16940068430641791
377,-0.17344930991098367
378,-0.05939566342253863
379,-0.11829341448783415
380,-0.14788199315130796
381,-0.10613932020493189
382,-0.08301794059869114
383,-0.09369539419970702
384,-0.1160938452562783
385,-0.14526940122920104
386,-0.18057826844846453
387,-0.09990350344741716
388,-0.07473439452630887
389,-0.06246332416695177
390,-0.1673776956109662
391,-0.11099240727928969
392,-0.1603209608600444
393,-0.14477285166940335
394,-0.13597010007840807
395,-0.07492041511203967
396,-0.16784283485249202
397,-0.07461400895690845
398,-0.07367975312857336
399,-0.02665470346005716
400,-0.06997117782311604
401,-0.06524052906683775
402,-0.12643020026063206
403,-0.1221063020669357
404,-0.07440010969422728
405,-0.07781379950675582
406,-0.20375893010987844
407,-0.09100231258589903
408,-0.18514213148383316
409,-0.08388463547323688
410,-0.15661842098233128
411,-0.052231870606192415
412,-0.09461945318318526
413,-0.11675765308472516
414,-0.13786749891939012
415,-0.13314537835167453
416,-0.13562070440015433
417,-0.17331079417701992
418,-0.1644881427700238
419,-0.12743462106128817
420,-0.09910760330549023
421,-0.20278071714641624
422,-0.159200496750932
423,-0.1165192619828414
424,-0.09094883832911999
425,-0.07335349986890738
426,-0.09846659305738831
427,-0.13714856914377105
428,-0.09790578086406965
429,-0.1871880627733471
430,-0.13191177858515485
431,-0.06696406430448984
432,-0.12295987077766415
433,-0.15397794666783818
434,-0.08742659116944612
435,-0.14933436546623804
436,-0.12698398693387136
437,-0.12865938430983115
438,-0.10644626845817018
439,-0.08094243361587597
440,-0.06708338486098775
441,-0.09386052745624335
442,-0.08528743419943355
443,-0.14885278885686468
444,-0.04847237520470388
445,-0.13450571818772655
446,-0.07792693769455797
447,-0.1549004326677595
448,-0.1388316417563384
449,-0.14271010415684462
450,-0.11469528632664208
451,-0.15186251190501507
452,-0.14811547556304624
453,-0.09102282969878783
454,-0.19833727443398141
455,-0.12197499470226739
456,-0.10197785259600872
457,-0.10535165248786985
458,-0.14135398980510594
459,-0.09531290019636302
460,-0.13271168958824742
461,-0.1351352968144054
462,-0.1693500037799174
463,-0.16035657447439233
464,-0.07856286157753634
465,-0.16571552518581043
466,-0.12444296998005092
467,-0.10655822013373167
468,-0.09973822676762562
469,-0.15421823656012168
470,-0.19336514883012043
471,-0.1116336103653372
472,-0.04016445287792536
473,-0.1134626222443228
474,-0.06095950704225356
475,-0.10356114733629299
476,-0.11915955897649261
477,-0.11670996189113542
478,-0.07878068564330726
479,-0.06601354461174305
480,-0.07130653044353502
481,-0.10366935811634645
482,-0.12403878042464558
483,-0.0827226848541236
484,-0.13812527053485332
485,-0.13299482735627685
486,-0.20718899026911938
487,-0.13189981449255384
488,-0.1591848288454749
489,-0.102616894541351
490,-0.08221369631955733
491,-0.14818028675812261
492,-0.1508147987021226
493,-0.1407118646027436
494,-0.06966108607340274
495,-0.07006544212752708
496,-0.13392157938031266
497,-0.10928299404076572
498,-0.11343480059676792
499,-0.10521999974632493
500,-0.12583394787369034
501,-0.09971330237256179
502,-0.04790896979892867
503,-0.10680605119450415
504,-0.14529423040061334
505,-0.16361237777971796
506,-0.05516129513059115
507,-0.14340565810033157
508,-0.17228324890267466
509,-0.1683186203135168
510,-0.1331301774327483
511,-0.13135190440955027
512,-0.1546649710874205
513,-0.04089192654347373
514,-0.1659294871794872
515,-0.14716422248055083
516,-0.11832004628200371
517,-0.11737744692379457
518,-0.18838542377507847
519,-0.12745347083498465
520,-0.07806752594276145
521,-0.13002190760454058
522,-0.09619777453444889
523,-0.08698663666186879
524,-0.08958911867657524
525,-0.08608751441433149
526,-0.16641330847554853
527,-0.13992095430341522
528,-0.06953159079793259
529,-0.09799675951060366
530,-0.1510174482310705
531,-0.05509869418508462
532,-0.09307900428450425
533,-0.14299929713378143
534,-0.06625170475518938
535,-0.13267637020966605
536,-0.20266236008844213
537,-0.15748394298167606
538,-0.11835542168188107
539,-0.11470641281174992
540,-0.12664142333551784
541,-0.13478434646048068
542,-0.08505985659052348
543,-0.12528707147186136
544,-0.15636508906412952
545,-0.11247819504155765
546,-0.1591052029731275
547,-0.18181372549019603
548,-0.09863628640009914
549,-0.10478501872659174
550,-0.11990705982472474
551,-0.20705889467089061
552,-0.11702993334040926
553,-0.05056931114601779
554,-0.15451585901373535
555,-0.1473253626791776
556,-0.15759281810110093
557,-0.10422639795435118
558,-0.13133476737717018
559,-0.1819387088495369
560,-0.06358579068972586
561,-0.13568295348203951
562,-0.0891312945287552
563,-0.07910373854914582
564,-0.12682137763335882
565,-0.09418122270742355
566,-0.11060855263157893
567,-0.14726431307923304
568,-0.15343492884270812
569,-0.1058030008484862
570,-0.13629274241427453
571,-0.15894143494532337
572,-0.11108099886265085
573,-0.09891209660794914
574,-0.1722576784758943
575,-0.09563923824979409
576,-0.1718392478701757
577,-0.1170507381616796
578,-0.04937099480803231
579,-0.08870709792092427
580,-0.0757921220221715
581,-0.15254669725200123
582,-0.12176091105335529
583,-0.09059206324045421
584,-0.14148621261570513
585,-0.09752010448582621
586,-0.04016029016029016
587,-0.0404157934210434
588,-0.0626323397273118
589,-0.016153773231431745
590,-0.11275926098976716
591,-0.15645983667279925
592,-0.10409236877518477
593,-0.14117935355710434
594,-0.1613476096296802
595,-0.09931494973857896
596,-0.13629136918833518
597,-0.0666434880383483
598,-0.137501882277291
599,-0.11683140984147974
600,-0.10840246386170588
601,-0.14126565913609845
602,-0.13261658206118382
603,-0.19877088602545584
604,-0.12466199866247982
605,-0.19671387073347857
606,-0.10199435538994114
607,-0.14795738438514083
608,-0.09060443999846099
609,-0.11217951091092326
610,-0.12301089516279384
611,-0.08601118159337706
612,-0.08237906293044964
613,-0.10274568699938386
614,-0.08978399616209098
615,-0.17223403604320295
616,-0.05911694037863713
617,-0.13190176076252574
618,-0.12390546148051715
619,-0.05095169507378189
620,-0.174154712800618
621,-0.16084589455903586
622,-0.15799454169019392
623,-0.16438289033307155
624,-0.13885243622040627
625,-0.20999969282123218
626,-0.14508165552475352
627,-0.14156623848229283
628,-0.10015963063925934
629,-0.06357852276931783
630,-0.125901102754939
631,-0.12478108852377856
632,-0.13112602100350054
633,-0.14160854913409382
634,-0.17437680364472108
635,-0.21370241227785922
636,-0.08878858857618038
637,-0.15524326088517001
638,-0.10484281192302258
639,-0.11735784038676261
640,-0.129918031455916
641,-0.16521842863386213
642,-0.16863117863693522
643,-0.1540159031852661
644,-0.08169518599807063
645,-0.0922752611925905
646,-0.1368795236384169
647,-0.04957157938163098
648,-0.12699240847671245
649,-0.08838060309364859
650,-0.10006726029735072
651,-0.1603102584046323
652,-0.04297335937058802
653,-0.09876038870100723
654,-0.14491116744153884
655,-0.10044776808382955
656,-0.17844773356664081
657,-0.19418531245156634
658,-0.1814378469589885
659,-0.042688254617950505
660,-0.13005391772150143
661,-0.14797856944389992
662,-0.11710079798427697
663,-0.04820597971282903
664,-0.07135034052019612
665,-0.13298225492152665
666,-0.15265505873466728
667,-0.15938434019637177
668,-0.06842370581886711
669,-0.09216518462364223
670,-0.14436035649025925
671,-0.14451193206927757
672,-0.11109967904592707
673,-0.19098104449613001
674,-0.1355525875533099
675,-0.053996614581210634
676,-0.0745091339422628
677,-0.17279862545172947
678,-0.1482156396470912
679,-0.054239735046019755
680,-0.09418672552357571
681,-0.13728280366906848
682,-0.10780903699858238
683,-0.16839744940495277
684,-0.04764150208366785
685,-0.11649418370074277
686,-0.14071157124723815
687,-0.124175002275694
688,-0.09170394252223213
689,-0.1308691121967415
690,-0.16651914316228555
691,-0.05218503290203988
692,-0.10160427807486638
693,-0.15788063485141737
694,-0.15270734353854568
695,-0.06824940647257283
696,-0.13140029726336383
697,-0.1741487000867099
698,-0.14459711107755802
699,-0.14330293389251428
700,-0.12993462098709901
701,-0.13642085323914366
702,-0.171041389689358
703,-0.12569811774710898
704,-0.16586456681460005
705,-0.13064029784953132
706,-0.07385690011080492
707,-0.17441768782979836
708,-0.10495528208022162
709,-0.12642646501546606
710,-0.15051867359126106
711,-0.10837851020401823
712,-0.09934370442391832
713,-0.22351233671988394
714,-0.1297623282035468
715,-0.1786948929042375
716,-0.07020375312151761
717,-0.16698115301795902
718,-0.1847359292607592
719,-0.12731637713643218
720,-0.14293666248744008
721,-0.12193140132236352
722,-0.13096884191925884
723,-0.09497113056435091
724,-0.08231078321586191
725,-0.2068786268357985
726,-0.165555427353245
727,-0.15211650233242777
728,-0.08679448325118605
729,-0.11461702127659573
730,-0.13102077392456685
731,-0.10050455643563658
732,-0.06904154528654582
733,-0.09196352334437644
734,-0.09785838586950199
735,-0.07738655401653038
736,-0.1595878245212779
737,-0.13974925816234954
738,-0.07680833183264296
739,-0.10481737111811301
740,-0.08624571909029388
741,-0.14613865251275002
742,-0.1353400827162194
743,-0.08666827369334765
744,-0.0650114690856011
745,-0.1521424883840991
746,-0.035398781464257845
747,-0.17216164896436503
748,-0.0793203078210708
749,-0.1377223178251758
750,-0.12303476457734445
751,-0.17702508629912714
752,-0.10412698412698412
753,-0.09298834747445603
754,-0.08237001541027208
755,-0.11335350951268292
756,-0.11530408773678963
757,-0.18192326741004664
758,-0.1488699182665288
759,-0.15867762128325505
760,-0.09391642709876008
761,-0.17402283706631533
762,-0.11538500280362218
763,-0.07704419682519287
764,-0.12897623954418716
765,-0.10101496663464077
766,-0.1387010198604402
767,-0.1703406878575116
768,-0.16461790341888927
769,-0.09604040506944123
770,-0.1258850523012832
771,-0.10361749380712396
772,-0.14964665882224165
773,-0.1232752901449613
774,-0.04583242673629334
775,-0.10763309757886286
776,-0.10275797104161599
777,-0.12131510817746355
778,-0.13576873490584881
779,-0.11210600511274349
780,-0.09425072505530357
781,-0.15776329273059572
782,-0.13504706075115147
783,-0.12417251491632217
784,-0.1953256421791588
785,-0.10159921314341908
786,-0.0987694036280499
787,-0.10841751589175375
788,-0.15003357925913044
789,-0.08917624589165582
790,-0.12758905605672827
791,-0.15371686753506822
792,-0.12660190314236347
793,-0.15461987675551733
794,-0.11632127612076609
795,-0.1071050973983354
796,-0.03526029779434431
797,-0.13114063442023985
798,-0.09208379302206621
799,-0.11523914476370797
800,-0.1118318369365332
801,-0.07827944408515294
802,-0.13857164610933453
803,-0.12405957483438879
804,-0.12492539906437156
805,-0.1280823491860836
806,-0.08291820300553926
807,-0.037713015186883775
808,-0.11146691792753605
809,-0.14068138167756078
810,-0.1425010530933001
811,-0.1911226277969122
812,-0.08794921804838574
813,-0.18812086447971832
814,-0.10011456533019208
815,-0.1637598870153883
816,-0.2171772889391019
817,-0.025830829525862464
818,-0.15482724727165864
819,-0.125207299619649
820,-0.10760989707855528
821,-0.12427819674878499
822,-0.13460182057150577
823,-0.10624286592325927
824,-0.1117580370245145
825,-0.0750595017943958
826,-0.16388359779854925
827,-0.03794124310970251
828,-0.13239103285242668
829,-0.12107034562763175
830,-0.10458453491262254
831,-0.1681025380265057
832,-0.06102694857411836
833,-0.12060493109659651
834,-0.09759123571809064
835,-0.13088202452971237
836,-0.10609903381642521
837,-0.116737287452915
838,-0.10448496445046815
839,-0.1968854793513712
840,-0.13506896511037958
841,-0.1168039961850102
842,-0.11693733579335344
843,-0.16105634297870267
844,-0.06538899927606545
845,-0.10057346931767458
846,-0.11628957916834926
847,-0.07791397632284386
848,-0.11906680743526954
849,-0.11035117647893966
850,-0.05984513349960785
851,-0.07902535622670587
852,-0.0867370021508567
853,-0.1382450886458269
854,-0.043665916258356224
855,-0.11121237819519311
856,-0.12181797969369904
857,-0.08879321184371974
858,-0.154176876475098
859,-0.09585741721907484
860,-0.17884945358342416
861,-0.20374417813442205
862,-0.11480423281746444
863,-0.16942171288489336
864,-0.21856596605748754
865,-0.11998146088912284
866,-0.09408296193767779
867,-0.1310248014003601
868,-0.1579093581419388
869,-0.10299842964493111
870,-0.10450012381531257
871,-0.0998401890104341
872,-0.13864701523178152
873,-0.1534136747425651
874,-0.13453757297769
875,-0.07791172530954948
876,-0.1339751454497307
877,-0.04986329332150086
878,-0.09654941817731108
879,-0.14614644978236785
880,-0.06487549342858043
881,-0.04505379982405083
882,-0.16701589175796522
883,-0.1452126718816257
884,-0.14220664629322538
885,-0.17095750199515664
886,-0.1421214462447284
887,-0.14165555414089567
888,-0.12106481481481482
889,-0.07835659822317864
890,-0.074789400326595
891,-0.12048496155750282
892,-0.07798849580486117
893,-0.08164345637357082
894,-0.17465632563019437
895,-0.12876238200962797
896,-0.14264136985034598
897,-0.13118615152527613
898,-0.14944312405115867
899,-0.06099562059688196
900,-0.0813416778141057
901,-0.1955928363361743
902,-0.15797318697382315
903,-0.06100590332573497
904,-0.17097164693067327
905,-0.11569985411535863
906,-0.11318587715895592
907,-0.10313989384317171
908,-0.1609618168317946
909,-0.14629347049711044
910,-0.12712776293769779
911,-0.15341979451589413
912,-0.14914068155615734
913,-0.13155323386824008
914,-0.053127250381125424
915,-0.13390253445844683
916,-0.10550212956968005
917,-0.14684706989180757
918,-0.10417331519517273
919,-0.12017047513304818
920,-0.13803051765771637
921,-0.06810801294148716
922,-0.12274829689290151
923,-0.136270739662493
924,-0.21237188080859404
925,-0.12772109493420974
926,-0.09784458924449474
927,-0.1605581556509089
928,-0.11747573199735653
929,-0.11028222154445425
930,-0.09259740259740262
931,-0.12037632794292175
932,-0.16938446594956294
933,-0.10208734558425717
934,-0.1105927873471736
935,-0.12100216075287057
936,-0.15462587957213822
937,-0.09981367253183271
938,-0.12962950723491182
939,-0.1432193576308464
940,-0.1258115417358179
941,-0.09813791738958394
942,-0.14026026568479344
943,-0.19863261173259444
944,-0.19608801955990215
945,-0.06671359965314569
946,-0.16449453762117244
947,-0.12154055292049001
948,-0.07002918337052788
949,-0.14597701804910038
950,-0.18330335311467388
951,-0.13456928983763392
952,-0.11101968111368188
953,-0.03781060685086052
954,-0.20909860681199266
955,-0.0632653595798463
956,-0.11315930873099919
957,-0.06678361692516188
958,-0.07171250170176491
959,-0.1402679876413017
960,-0.1263561404886996
961,-0.11022992156985564
962,-0.07076221886424403
963,-0.09068766337031825
964,-0.14389900104185815
965,-0.09303412622086102
966,-0.11719125334228658
967,-0.04052500901564704
968,-0.07957896647157572
969,-0.08790849673202616
970,-0.16396969920682358
971,-0.11565799482732383
972,-0.009196455758179067
973,-0.15194902619048925
974,-0.13335062734710507
975,-0.13079090125957488
976,-0.11468485420586844
977,-0.23869813541774298
978,-0.12554085521223257
979,-0.082897730724412
980,-0.09782000650244799
981,-0.1322580913729381
982,-0.07625377025714442
983,-0.15276024281835318
984,-0.0762246539995855
985,-0.09807773822506627
986,-0.09210356129214889
987,-0.15565503181386167
988,-0.07662612785309372
989,-0.12720978997984028
990,-0.06901033410599772
991,-0.15809333939487472
992,-0.11285502518450646
993,-0.07785517358680127
994,-0.07233337751453806
995,-0.12267690461186503
996,-0.2378721980595517
997,-0.08106640217007435
998,-0.12460655531702441
999,-0.1421003505989341
1000,-0.12015398010280065
1001,-0.07399632483192237
1002,-0.11364834613955174
1003,-0.23519664614217706
1004,-0.15669861805829272
1005,-0.13993932867492817
1006,-0.0584127324596212
1007,-0.10574877175801589
1008,-0.18163291911632903
1009,-0.1175382574708527
1010,-0.07750443438306745
1011,-0.1583065463215401
1012,-0.11021941432596263
1013,-0.12683275013856044
1014,-0.0942618351256225
1015,-0.10241123580345507
1016,-0.207025624977905
1017,-0.052782681583020796
1018,-0.10700029609861952
1019,-0.10506914240018722
1020,-0.14552604049285706
1021,-0.14280105586532482
1022,-0.1230932737924594
1023,-0.09103833332953412
1024,-0.10844554436322834
1025,-0.14560843601695397
1026,-0.13758773263855015
1027,-0.0947517464680222
1028,-0.13673677191464828
1029,-0.09614530447253608
1030,-0.15196587395819358
1031,-0.08518726952508027
1032,-0.13286532527672723
1033,-0.11444983617436019
1034,-0.10714453039198443
1035,-0.07429009197877126
1036,-0.10939352276524333
1037,-0.1281334714636884
1038,-0.06582257300222025
1039,-0.17501537046129081
1040,-0.14430810290441698
1041,-0.14027761216325474
1042,-0.18183272258377914
1043,-0.08537188835780296
1044,-0.12064707509486666
1045,-0.1540362673186634
1046,-0.11969448990725587
1047,-0.07728789904329766
1048,-0.025877203218637623
1049,-0.06933691442361961
1050,-0.10816125860373646
1051,-0.07349354038134981
1052,-0.07215838786860418
1053,-0.10384872242514817
1054,-0.1847143112470626
1055,-0.08395162943226078
1056,-0.13329181906879928
1057,-0.18464507891259485
1058,-0.0666103766938792
1059,-0.09071338515892208
1060,-0.1510662960865155
1061,-0.1333615224033542
1062,-0.23065274945440237
1063,-0.10502394225833617
1064,-0.11934750916087675
1065,-0.1750708488928612
1066,-0.12673179569731294
1067,-0.07824797355431778
1068,-0.09733023152763934
1069,-0.10336591229812367
1070,-0.17454412921738324
1071,-0.09549478727983979
1072,-0.16910496160218974
1073,-0.15535255080099253
1074,-0.17228179660449525
1075,-0.15795737806887655
1076,-0.05980485264383312
1077,-0.06111577817579919
1078,-0.09116148743744365
1079,-0.12823497545005932
1080,-0.11973518235593689
1081,-0.1789287418046713
1082,-0.11409212028564589
1083,-0.06187108655616946
1084,-0.15636684348951485
1085,-0.1054869210718197
1086,-0.11893134440267958
1087,-0.09676113360323885
1088,-0.09145590221174904
1089,-0.15694149119541087
1090,-0.18169325937592742
1091,-0.11123492062019677
1092,-0.10994546297072391
1093,-0.1281649815306118
1094,-0.15885046245228113
1095,-0.12052228778207427
1096,-0.16904643473681133
1097,-0.11660663675327437
1098,-0.11300495494131779
1099,-0.2219064558760694
1100,-0.1386515325018805
1101,-0.1930981124726992
1102,-0.09044589618177884
1103,-0.06784584865412224
1104,-0.13392013994152843
1105,-0.1550593595093511
1106,-0.146423755434619
1107,-0.1245554714132153
1108,-0.1403135020076873
1109,-0.12579539489016897
1110,-0.13135812097273067
1111,-0.1204200233756812
1112,-0.15853979287283518
1113,-0.12084018805797048
1114,-0.10478830823043164
1115,-0.10963683851395073
1116,-0.1575707893920529
1117,-0.11308470107794077
1118,-0.13970772620352725
1119,-0.09992457799654933
1120,-0.022859407871169912
1121,-0.1797340495640561
1122,-0.1402141403554569
1123,-0.12178233193603477
1124,-0.13365189904271443
1125,-0.11970026153329014
1126,-0.1137896246318919
1127,-0.1872058062589612
1128,-0.032896067866452994
1129,-0.057364667590677015
1130,-0.13135569678020872
1131,-0.09992903026222405
1132,-0.17160894348918632
1133,-0.09961972807491026
1134,-0.22362045979254064
1135,-0.132962368163631
1136,-0.13036288792734785
1137,-0.06993139574426899
1138,-0.10493245167874896
1139,-0.11491960174605614
1140,-0.12387382528737614
1141,-0.09849523677073915
1142,-0.10612365140034224
1143,-0.1280699570996438
1144,-0.1194863000933806
1145,-0.03164273931219064
1146,-0.16350727146226812
1147,-0.055638571837344636
1148,-0.09360908379285218
1149,-0.10150379743176546
1150,-0.07947456755629281
1151,-0.17917353382226195
1152,-0.12139392234276408
1153,-0.14944402040484
1154,-0.12449735449735444
1155,-0.08871622349659389
1156,-0.12234361277502645
1157,-0.15900566800739802
1158,-0.07257726585469734
1159,-0.11567363111601581
1160,-0.12303420472104581
1161,-0.14900742103037654
1162,-0.08360864669562101
1163,-0.10241286311325223
1164,-0.13668168066245834
1165,-0.17101501788320317
1166,-0.09828429046516185
1167,-0.09115338809661955
1168,-0.10420776669342843
1169,-0.10025453685048288
1170,-0.09550972537431643
1171,-0.15613662594386912
1172,-0.1440149973032691
1173,-0.1841681477890882
1174,-0.07805993074728051
1175,-0.1151712838332711
1176,-0.14953139909735652
1177,-0.12079805822403528
1178,-0.0868903544569295
1179,-0.15227436804149966
1180,-0.11202682726700947
1181,-0.12866734689401085
1182,-0.05499239021571298
1183,-0.08062169312169312
1184,-0.06933735917542933
1185,-0.11470625684382085
1186,-0.10683448686694602
1187,-0.15890563836525998
1188,-0.17012272782439963
1189,-0.12294667579590132
1190,-0.12248043828128535
1191,-0.07049905952039975
1192,-0.1365072600529664
1193,-0.10660207987534298
1194,-0.19744188089508927
1195,-0.1291266695780427
1196,-0.05274433402388207
1197,-0.1723763931483282
1198,-0.14776874805557458
1199,-0.1706516189235347
1200,-0.10890233215739237
1201,-0.0961022415324804
1202,-0.17722520848100484
1203,-0.10903115907892491
1204,-0.1619444510973263
1205,-0.13434519605440798
1206,-0.044301382365771275
1207,-0.1126255054130954
1208,-0.07667064439140814
1209,-0.07764085692167882
1210,-0.08856131081195018
1211,-0.13928922683155912
1212,-0.11162427732698643
1213,-0.15561463509440632
1214,-0.14225899753828358
1215,-0.1722152506089909
1216,-0.06719613145839907
1217,-0.1161882188915998
1218,-0.09797346729102788
1219,-0.09521841192080016
1220,-0.09518918513099275
1221,-0.1100240714350525
1222,-0.038623798832019496
1223,-0.08712454491626764
1224,-0.14445092451454702
1225,-0.20752662606458536
1226,-0.0664625101513088
1227,-0.11153201147359679
1228,-0.10597655092003311
1229,-0.18056420379521562
1230,-0.12471514660454741
1231,-0.14591039455765234
1232,-0.14126299572269954
1233,-0.11903159742539493
1234,-0.10178533704304682
1235,-0.08918423633525646
1236,-0.16831287559135658
1237,-0.12279354701353645
1238,-0.04751519793728792
1239,-0.03326550035464254
1240,-0.1380424620602687
1241,-0.11816132149266093
1242,-0.11783491417358694
1243,-0.21019348799296214
1244,-0.10454557403710843
1245,-0.09112408681277662
1246,-0.11973275745714673
1247,-0.09691089428999439
1248,-0.1808731835203131
1249,-0.13094856335447824
1250,-0.10393958680695503
1251,-0.1061754821472713
1252,-0.14919908466819223
1253,-0.1318844898794688
1254,-0.1165297954129223
1255,-0.09059003325320825
1256,-0.1580277105337854
1257,-0.13068162502124764
1258,-0.10054290683009559
1259,-0.14358628620685487
1260,-0.12101161824424966
1261,-0.05333589472673131
1262,-0.10404347372658257
1263,-0.0925558102028689
1264,-0.08697714549006069
1265,-0.11520684802456355
1266,-0.11136770294354759
1267,-0.13251783806216694
1268,-0.17676987514533615
1269,-0.10640360109650301
1270,-0.11312134857945086
1271,-0.0981653383341147
1272,-0.12732299958106408
1273,-0.06919932411361024
1274,-0.1049575954287606
1275,-0.08804664723032066
1276,-0.14146635760327692
1277,-0.13811619273990391
1278,-0.08930543151741505
1279,-0.15930321319325838
1280,-0.06449811531481225
1281,-0.1720083890832826
1282,-0.09659011721976751
1283,-0.1736806361281559
1284,-0.09159563885313171
1285,-0.14525298277353377
1286,-0.10422656681178896
1287,-0.1310029848599273
1288,-0.16707908115131026
1289,-0.09567591947808335
1290,-0.17679436705027252
1291,-0.13551749338592672
1292,-0.06071793984442003
1293,-0.125209542889852
1294,-0.1904845682013794
1295,-0.11790843228975906
1296,-0.10636180374590767
1297,-0.13872111344537816
1298,-0.057314315227562584
1299,-0.12460629930262335
1300,-0.1245999602938257
1301,-0.1024771336527128
1302,-0.08290554747635681
1303,-0.15186281162862522
1304,-0.07485304741888871
1305,-0.19146421259260823
1306,-0.0838071062223959
1307,-0.12179925316392323
1308,-0.18465892814172272
1309,-0.13965783800266413
1310,-0.12071776952755331
1311,-0.1769544609416916
1312,-0.16131347002462634
1313,-0.11773320664298106
1314,-0.08037179220109317
1315,-0.13038122570119254
1316,-0.11551339733486182
1317,-0.12229746093427496
1318,-0.1314331813777903
1319,-0.13844831188800258
1320,-0.12639379861872013
1321,-0.19409373301495306
1322,-0.16207269334767463
1323,-0.06735865872372357
1324,-0.1382726212526583
1325,-0.0602572297117584
1326,-0.13768874296756092
1327,-0.15538131836327806
1328,-0.06706055054775742
1329,-0.12406488706503299
1330,-0.06153050989389863
1331,-0.11008685006394056
1332,-0.1259083800507856
1333,-0.17443416309113188
1334,-0.06651627294858409
1335,-0.12530333511836708
1336,-0.1505405681934449
1337,-0.21354052344564678
1338,-0.15611600114345695
1339,-0.07782537888716531
1340,-0.08459465822291462
1341,-0.1627103573730107
1342,-0.12842686534314238
1343,-0.14196428749543666
1344,-0.1601961359939699
1345,-0.09366836830513398
1346,-0.06060279727594087
1347,-0.13666196189131968
1348,-0.12540764125047818
1349,-0.08732516342426658
1350,-0.08507443711303508
1351,-0.11230455796524738
1352,-0.11220857322996128
1353,-0.058845321973434284
1354,-0.20218545525365475
1355,-0.06048143794822691
1356,-0.10144284938805492
1357,-0.05057333353669316
1358,-0.1340007913496404
1359,-0.1447726052741901
1360,-0.0976770296953037
1361,-0.11339205058717255
1362,-0.16749310693237157
1363,-0.129499307030763
1364,-0.09441587758917386
1365,-0.07922915590780219
1366,-0.08281127176129124
1367,-0.15300890570790532
1368,-0.12991279129197975
1369,-0.1747853704695946
1370,-0.12908599317187178
1371,-0.11418980831587619
1372,-0.09893609408172516
1373,-0.11537534850101538
1374,-0.1741616283910979
1375,-0.15402566641427382
1376,-0.14033859184132547
1377,-0.10149407886359452
1378,-0.09371409822825705
1379,-0.07998651789192562
1380,-0.08711600570827704
1381,-0.11824769085837344
1382,-0.07355319608873404
1383,-0.1008017449015936
1384,-0.11598882614441902
1385,-0.16755169536638867
1386,-0.15676236662966453
1387,-0.12904585081265646
1388,-0.15492689549244826
1389,-0.04267129969722053
1390,-0.075028257559481
1391,-0.08689993296570483
1392,-0.20663174128212894
1393,-0.10754586812512926
1394,-0.1297092511906767
1395,-0.17467521590077933
1396,-0.14863083164300203
1397,-0.13726131046987974
1398,-0.20364596469296722
1399,-0.09352936725144725
1400,-0.1474409314394974
1401,-0.05446794496487117
1402,-0.12798760042652496
1403,-0.16794401014735905
1404,-0.13851442162340996
1405,-0.1745590453719104
1406,-0.051313072412103616
1407,-0.22573213888841404
1408,-0.14622128449562075
1409,-0.08909198507740518
1410,-0.13127978592138334
1411,-0.09717229177673206
1412,-0.10736589059913351
1413,-0.0873983199090117
1414,-0.1027817082378919
1415,-0.11959080119670651
1416,-0.10459289029977342
1417,-0.02793997307940238
1418,-0.17711921648091863
1419,-0.2349822520501074
1420,-0.1280091917128684
1421,-0.1243827882033735
1422,-0.17165221454258964
1423,-0.21891307748545008
1424,-0.16201111041196617
1425,-0.0940060535057557
1426,-0.1604873077031734
1427,-0.12928827343601978
1428,-0.11844662112433255
1429,-0.11147833742061247
1430,-0.052005770226766
1431,-0.11533259480418592
1432,-0.14692058533661465
1433,-0.08908464098239988
1434,-0.08387072948609953
1435,-0.12771799802054762
1436,-0.10393120393120397
1437,-0.1491563468964599
1438,-0.1322801454344981
1439,-0.18690846972141456
1440,-0.09343248532289633
1441,-0.11755843065144478
1442,-0.07767313999537297
1443,-0.09107826243171624
1444,-0.07689404985477494
1445,-0.10158435180005498
1446,-0.18296433685552269
1447,-0.16151478855522627
1448,-0.08927386050555419
1449,-0.05983501800859761
1450,-0.06256203454984602
1451,-0.11923415463828829
1452,-0.23443196528158472
1453,-0.10150707991235963
1454,-0.132902745000621
1455,-0.17877087984590656
1456,-0.11529256346280659
1457,-0.008120482986620492
1458,-0.07585100316929894
1459,-0.08266389685146291
1460,-0.13404606692742282
1461,-0.1208258069578276
1462,-0.17096556086283232
1463,-0.1502228738190332
1464,-0.10888356978105901
1465,-0.13133923939757294
1466,-0.1365679728225854
1467,-0.15468394983031003
1468,-0.12121212121212119
1469,-0.16421781899245044
1470,-0.07186784675847524
1471,-0.10423359748697081
1472,-0.140483378356926
1473,-0.10274795651544064
1474,-0.07377645372530284
1475,-0.1480006355501548
1476,-0.12490814837183553
1477,-0.0765520069525698
1478,-0.04751011070713665
1479,-0.11672528649670616
1480,-0.1024495572957426
1481,-0.1706487101473897
1482,-0.11672684952690687
1483,-0.141851865670095
1484,-0.1424281635466041
1485,-0.11267183884578741
1486,-0.06981175119831157
1487,-0.13922555083525004
1488,-0.27551060548841894
1489,-0.16082447245624942
1490,-0.16644238856181662
1491,-0.09805146071593329
1492,-0.09030214424951274
1493,-0.05962091722631885
1494,-0.10783778552071244
1495,-0.06205575600226537
1496,-0.08093688344734762
1497,-0.15526417406779375
1498,-0.18558315098216
1499,-0.07889220605983616
1500,-0.1608665249626059
1501,-0.047100517874578085
1502,-0.057495779283226134
1503,-0.08088264819753663
1504,-0.0810706059611434
1505,-0.09613634042477609
1506,-0.08189623675557178
1507,-0.096606714906527
1508,-0.10333101507407647
1509,-0.18939527858648614
1510,-0.09967971190005742
1511,-0.15346630394141383
1512,-0.1831779331779332
1513,-0.1511808704704524
1514,-0.15014239210059774
1515,-0.11099090462373962
1516,-0.10825660260817285
1517,-0.09010645343769313
1518,-0.1297222033531284
1519,-0.09878274595967801
1520,-0.07286256550626988
1521,-0.07306446743694589
1522,-0.12990818744484375
1523,-0.04244409459482329
1524,-0.1203140219451044
1525,-0.1405189017469285
1526,-0.14760775316452684
1527,-0.12407941126196415
1528,-0.1405362417632356
1529,-0.13559801984636694
1530,-0.09328409786536597
1531,-0.1373243128204112
1532,-0.12025104453014568
1533,-0.10159272702114414
1534,-0.10493189932909841
1535,-0.21754810765161758
1536,-0.09036050894417413
1537,-0.06068793677366613
1538,-0.17667032136006935
1539,-0.036305451561618546
1540,-0.11395121629928862
1541,-0.12291476933128714
1542,-0.08820031883867957
1543,-0.1699939254404056
1544,-0.13379860301045565
1545,-0.153399016632146
1546,-0.14037244943419766
1547,-0.14760269457058992
1548,-0.08652473163515767
1549,-0.15749779735682815
1550,-0.14421706157325062
1551,-0.1204199918166676
1552,-0.09707774657543278
1553,-0.10525562800514132
1554,-0.12628279472959605
1555,-0.09014441257473921
1556,-0.10097907340699402
1557,-0.1041405341463345
1558,-0.12834972005821108
1559,-0.10119340498965687
1560,-0.11661360939737059
1561,-0.06299608719955282
1562,-0.1155173532618814
1563,-0.09400895282374006
1564,-0.12805437266169584
1565,-0.12541364877252717
1566,-0.1267490710328124
1567,-0.13751200770671285
1568,-0.09067217697276428
1569,-0.1599625841548819
1570,-0.10775109012781409
1571,-0.10101910421059357
1572,-0.10511275697452016
1573,-0.1684855233853007
1574,-0.16430310130826686
1575,-0.1403071654178769
1576,-0.15331417049208462
1577,-0.1289251422934643
1578,-0.05484044167425359
1579,-0.15243043344114168
1580,-0.10257691952064871
1581,-0.0901549568082898
1582,-0.15623770169224713
1583,-0.12090240071439395
1584,-0.17112653636078515
1585,-0.06969336171001483
1586,-0.13944307709109
1587,-0.1644090280534914
1588,-0.12156007077997072
1589,-0.08976845574226333
1590,-0.07818256725514774
1591,-0.148865187337648
1592,-0.13225764464154555
1593,-0.13285273745903095
1594,-0.09399542018256529
1595,-0.059544129420116915
1596,-0.16497956766785438
1597,-0.11785628061797693
1598,-0.06704238607120425
1599,-0.10924666895716353
1600,-0.16823951420179473
1601,-0.1163086339101525
1602,-0.11178595705042677
1603,-0.16571529800803078
1604,-0.13149397690110526
1605,-0.08379013737355645
1606,-0.061360834788983715
1607,-0.13607524640095336
1608,-0.18149142376061927
1609,-0.13690548270782685
1610,-0.17364394118625087
1611,-0.1363602628273896
1612,-0.09365749573817134
1613,-0.14647033066831006
1614,-0.08845805779855118
1615,-0.08715815388673503
1616,-0.1210188423195365
1617,-0.11129432440814643
1618,-0.15568008953757592
1619,-0.12281276408239844
1620,-0.08326988703337979
1621,-0.12045683542583446
1622,-0.11531501877202716
1623,-0.07547336991229744
1624,-0.24146677743800046
1625,-0.18664765943018402
1626,-0.07468056439792126
1627,-0.12089442368171169
1628,-0.09023907253642491
1629,-0.1450894584125409
1630,-0.10671305069898451
1631,-0.08487324728387038
1632,-0.11833839849518435
1633,-0.08721432693660475
1634,-0.16890566323297102
1635,-0.12802099957791047
1636,-0.18222662199208045
1637,-0.08021157169445095
1638,-0.09177690165697117
1639,-0.13805994077594821
1640,-0.1780253467607373
1641,-0.06192628446931614
1642,-0.1492166550595255
1643,-0.11768087773288333
1644,-0.19028120466249315
1645,-0.1240374473849726
1646,-0.15766474021191001
1647,-0.20308743925957332
1648,-0.11561372683829459
1649,-0.19415360341746402
1650,-0.13721782532147117
1651,-0.1290015723125416
1652,-0.10583298196221128
1653,-0.15233898000861174
1654,-0.18589803241108435
1655,-0.15382847753368303
1656,-0.1347242921013413
1657,-0.17769029807041034
1658,-0.08429556787602505
1659,-0.08106722127917701
1660,-0.14841985054384216
1661,-0.09868803291010941
1662,-0.11858289002632993
1663,-0.12404988726615346
1664,-0.13921454906996975
1665,-0.0810465512256241
1666,-0.103192800488553
1667,-0.12443105054381018
1668,-0.11528381604459378
1669,-0.21675696748863435
1670,-0.07140952923764257
1671,-0.10803421044669242
1672,-0.1241888798930387
1673,-0.19264355454903603
1674,-0.11206568838944453
1675,-0.05404986387194838
1676,-0.07912370968204177
1677,-0.07917052851677142
1678,-0.11453677479311417
1679,-0.10892134644819118
1680,-0.10437487457354999
1681,-0.01723445912873217
1682,-0.12251127924635713
1683,-0.09512809905408928
1684,-0.06440382239099643
1685,-0.09433344014554024
1686,-0.11739670953062428
1687,-0.07357028511808988
1688,-0.1350867268703655
1689,-0.10453160127022854
1690,-0.10996926779996133
1691,-0.14494851994851995
1692,-0.145538356086137
1693,-0.16336103314805647
1694,-0.09897617375749657
1695,-0.1388106966924701
1696,-0.17522165620064606
1697,-0.11767786866964522
1698,-0.15768197346553559
1699,-0.1174234988614567
1700,-0.07012750455373407
1701,-0.08312597366929297
1702,-0.12231085936443362
1703,-0.13151075910760207
1704,-0.1674616090647177
1705,-0.19703136193536736
1706,-0.12377792873060325
1707,-0.07646019445716112
1708,-0.14135264031093303
1709,-0.11302491762459149
1710,-0.08749398078921355
1711,-0.09878404155195755
1712,-0.11424432635252729
1713,-0.10755972503573852
1714,-0.07949283974513982
1715,-0.12401610655782674
1716,-0.08537874619316271
1717,-0.12662916931264928
1718,-0.11220589162934463
1719,-0.150302198997467
1720,-0.1520364998791395
1721,-0.1364662479033944
1722,-0.1834354194407457
1723,-0.14270510371463327
1724,-0.06472375393983038
1725,-0.0654771315640881
1726,-0.10323833232988106
1727,-0.15511843586141916
1728,-0.1568398955625723
1729,-0.07446097140958119
1730,-0.10504259387869838
1731,-0.16274855498630408
1732,-0.09545899780636163
1733,-0.09100626049778593
1734,-0.13316248599286967
1735,-0.10232558139534881
1736,-0.17690906692151998
1737,-0.1421347389227475
1738,-0.08902311091331017
1739,-0.11966611344052627
1740,-0.08291067084391857
1741,-0.12093275473202314
1742,-0.18151670978782605
1743,-0.050147920767853404
1744,-0.11057392620736736
1745,-0.061215794527124334
1746,-0.11551008386082101
1747,-0.12016518813092686
1748,-0.1770190283769255
1749,-0.05443153629475117
1750,-0.14758614439381731
1751,-0.048857442540378104
1752,-0.13018595252711274
1753,-0.0731830281519723
1754,-0.10281786396043965
1755,-0.10858178798040646
1756,-0.11685065426047661
1757,-0.09554174094558973
1758,-0.029596569289154495
1759,-0.12850411682305174
1760,-0.13498035481414117
1761,-0.09891598789229292
1762,-0.11809983462394727
1763,-0.10499838840990061
1764,-0.08986923594642046
1765,-0.10782687707659383
1766,-0.08216394784057648
1767,-0.09749430079447408
1768,-0.14414833828241658
1769,-0.12347607762448026
1770,-0.0982898143052244
1771,-0.10992088553446597
1772,-0.06330794808283913
1773,-0.13697399527186763
1774,-0.07201405152224827
1775,-0.13030184949436557
1776,-0.09255846431389403
1777,-0.14196633232128944
1778,-0.08744386397278064
1779,-0.1271498488758765
1780,-0.1379847396504133
1781,-0.13026974514529588
1782,-0.12422985997454085
1783,-0.15528630557111653
1784,-0.05458172202851841
1785,-0.12138782629296871
1786,-0.13648894231495404
1787,-0.08625363210530027
1788,-0.16037803141438645
1789,-0.17791812865497073
1790,-0.13776540414856517
1791,-0.10370584818154976
1792,-0.11377173799492402
1793,-0.11045606593811574
1794,-0.10996534483214732
1795,-0.11921439575585491
1796,-0.10663817713920595
1797,-0.08762837958107886
1798,-0.09496251849840498
1799,-0.10735868931235909
1800,-0.08616917200486604
1801,-0.13599909008441688
1802,-0.08310537251987826
1803,-0.16934576134368173
1804,-0.11199013779549544
1805,-0.07307823287204734
1806,-0.2025414762086037
1807,-0.01450386637223744
1808,-0.12309236152373401
1809,-0.117078814468218
1810,-0.07793410134491069
1811,-0.09910547165344036
1812,-0.1419386200678859
1813,-0.10300126635467965
1814,-0.11734928670041414
1815,-0.0918437168425954
1816,-0.15654678960407079
1817,-0.13609312857433162
1818,-0.15579378265181712
1819,-0.15793461215952867
1820,-0.14330441221447776
1821,-0.17945643738636718
1822,-0.1982844619907245
1823,-0.1798449301248988
1824,-0.18235453178077102
1825,-0.10843670176599218
1826,-0.14163672000208122
1827,-0.12557536144974318
1828,-0.10617857342245329
1829,-0.10496135469807899
1830,-0.09976118495343711
1831,-0.2003661556115108
1832,-0.12293985605552923
1833,-0.16279544157928094
1834,-0.08974530950444859
1835,-0.16208470862260996
1836,-0.22035183012358386
1837,-0.08235364384761637
1838,-0.09842430637433996
1839,-0.10454352239621545
1840,-0.09194411941991987
1841,-0.11260904133212393
1842,-0.07924299287112599
1843,-0.1438969270332753
1844,-0.16978237825029613
1845,-0.07851863096777578
1846,-0.10737609049670582
1847,-0.09375121285972579
1848,-0.0970575316441005
1849,-0.09599389629657468
1850,-0.10167021091426454
1851,-0.08811788261794523
1852,-0.1794102897309027
1853,-0.10146875438948258
1854,-0.1308068058206596
1855,-0.11146335911117228
1856,-0.08100862713130905
1857,-0.1803661679552833
1858,-0.09051940099092581
1859,-0.16919959473150964
1860,-0.15102136720692474
1861,-0.09550081928075677
1862,-0.0898080325458355
1863,-0.13853227950074773
1864,-0.1546571708702007
1865,-0.10841493508372363
1866,-0.07265879051317181
1867,-0.16822476269850173
1868,-0.14269734323098232
1869,-0.07491086436102479
1870,-0.05977175861774575
1871,-0.22120919164125827
1872,-0.10176578864039851
1873,-0.15524190648775363
1874,-0.1989316540051519
1875,-0.09555653431983366
1876,-0.1151108390112543
1877,-0.10970164907058744
1878,-0.12289199856476499
1879,-0.18648120425815035
1880,-0.16207115666450073
1881,-0.06465999079003912
1882,-0.046448080914100354
1883,-0.1745384790246743
1884,-0.09505975751822926
1885,-0.16641973746416894
1886,-0.11354886406024228
1887,-0.10210870223336391
1888,-0.09267029937108384
1889,-0.16825108035422282
1890,-0.13178872933007776
1891,-0.10693695717280621
1892,-0.08004183984226754
1893,-0.12562023956259283
1894,-0.09953417515454172
1895,-0.1302800701613135
1896,-0.07049323794558479
1897,-0.0776737386906878
1898,-0.0842763256423299
1899,-0.06038028452037497
1900,-0.10398032200357779
1901,-0.060803555297322176
1902,-0.049741242889525694
1903,-0.15102864190403714
1904,-0.10458372040412592
1905,-0.10237104233673702
1906,-0.1185059363699505
1907,-0.21332702004043919
1908,-0.14434550531137663
1909,-0.1413561571000391
1910,-0.09917618154380495
1911,-0.11600724680030389
1912,-0.04356841479739132
1913,-0.06990140221524352
1914,-0.08628355278684405
1915,-0.10498543160439539
1916,-0.1497142414925049
1917,-0.16965491372843208
1918,-0.10279266889331728
1919,-0.08525735737068724
1920,-0.13446409956044664
1921,-0.06105795816108728
1922,-0.0779531752425088
1923,-0.10424410248785804
1924,-0.1036615065549174
1925,-0.08937641554310707
1926,-0.13511964396723314
1927,-0.11969362848910281
1928,-0.1817857403943944
1929,-0.08195876181830994
1930,-0.10863462327478626
1931,-0.14315468512548807
1932,-0.13521028849496006
1933,-0.18405518160899764
1934,-0.14510146700345863
1935,-0.09886780468540926
1936,-0.08434310048686039
1937,-0.10921653607825993
1938,-0.11760567266306146
1939,-0.14521376618596085
1940,-0.08278723498566501
1941,-0.16135368750947784
1942,-0.11689151588984636
1943,-0.12512156968379717
1944,-0.0907183579554125
1945,-0.13578000620283268
1946,-0.18494281890785313
1947,-0.11231689051788168
1948,-0.14171619399324892
1949,-0.06978050414831383
1950,-0.11679704266460642
1951,-0.07881113528321651
1952,-0.11932251268256006
1953,-0.12790598933620165
1954,-0.08558185637611868
1955,-0.13023744458914333
1956,-0.08165782113677905
1957,-0.1570811548079109
1958,-0.0726753518235097
1959,-0.14663861150184263
1960,-0.11483120681185677
1961,-0.12702196015177758
1962,-0.1306439919043447
1963,-0.13215787018704353
1964,-0.15674430112455376
1965,-0.1099393894112832
1966,-0.11015247753328461
1967,-0.19559909051276914
1968,-0.1044940375059219
1969,-0.11134307793955472
1970,-0.11746263705528176
1971,-0.1782370274298326
1972,-0.09984950318950625
1973,-0.07665148825602638
1974,-0.13812040441176476
1975,-0.10633471575274056
1976,-0.10111402167668049
1977,-0.06879578754578755
1978,-0.1504525364974169
1979,-0.18677988572871618
1980,-0.09007386226571895
1981,-0.10964621828159596
1982,-0.09582548747234657
1983,-0.09701649492963921
1984,-0.060226726874945014
1985,-0.09692277896873897
1986,-0.09235681833997755
1987,-0.16014141023746464
1988,-0.127134048084567
1989,-0.15616664883673279
1990,-0.08962200534323711
1991,-0.04442027789281838
1992,-0.1304281809899787
1993,-0.21604738881283575
1994,-0.09156953198403983
1995,-0.1690355780113437
1996,-0.09369981440656594
1997,-0.1226675257731959
1998,-0.07734162456276719
1999,-0.1068585631427186
